ATCF_ID,name,basedamage,ATD,ND,lf_ISO_TIME,lf_wind,lf_pressure,lf_state,WPC,population,lf_lat,lf_lon,Tide_Level,travel_speed_before_landfall_m_s,travel_speed_after_landfall_m_s,travel_speed_at_landfall_m_s,STORM_SPEED,DIST2LAND,STORM_DIR,r34_ne_at_landfall,r34_se_at_landfall,r34_sw_at_landfall,r34_nw_at_landfall,r34_area_at_landfall,r34_mean_at_landfall,r50_ne_at_landfall,r50_se_at_landfall,r50_sw_at_landfall,r50_nw_at_landfall,r50_area_at_landfall,r50_mean_at_landfall,r64_ne_at_landfall,r64_se_at_landfall,r64_sw_at_landfall,r64_nw_at_landfall,r64_area_at_landfall,r64_mean_at_landfall
AL011900,Galveston,30000000,2826.090655511229,171510000000,1900-09-09 02:30:00,120,936.0,TX,886.6529425665153,119724,29.171100000000003,-95.2018,7.703109557976869,7.032520560925631,5.596771370333162,6.220771961127894,13,9,305, , , , ,,, , , , ,,, , , , ,,
AL041901,Storm 4 in 1901,1000000,28.612072653716965,830000000,1901-08-14 20:30:00,75,973.0,LA,941.5700460726042,371192,29.266666666666666,-89.63333333333333,-3.721902991519788,2.730837394321809,2.7297076906786226,2.730648769401094,4,0,40, , , , ,,, , , , ,,, , , , ,,
AL031903,Storm 3 in 1903,670000,1394.1937382181525,7410000000,1903-09-11 23:00:00,75,976.0,FL,1054.905202433691,4556,26.1,-80.1,-28.694650599258697,4.4446538906570385,6.350527675744819,5.065251119900911,11,0,300, , , , ,,, , , , ,,, , , , ,,
AL031903,Storm 3 in 1903,0,0.0,0,1903-09-13 21:00:00,80,988.0,FL,1054.905202433691,25018,29.7989,-85.4572,-11.237284336792932,3.376012079962244,5.0155682503756704,4.03101738266975,11,0,335, , , , ,,, , , , ,,, , , , ,,
AL021904,Storm 2 in 1904,1000000,62.6981619526595,640000000,1904-09-14 13:30:00,70,,SC,1025.2460315789378,155567,33.2666,-79.275275,25.66465041286345,10.981040755641928,11.617773539851528,11.457920374087706,23,11,340, , , , ,,, , , , ,,, , , , ,,
AL061906,Storm 6 in 1906,4000000,298.2623372670526,2970000000,1906-09-27 12:00:00,95,958.0,MS,1191.4689132099377,112559,30.4,-88.7,23.224142170314924,6.713433413754098,5.430830883102897,5.7478918407059245,12,14,340, , , , ,,, , , , ,,, , , , ,,
AL081906,Storm 8 in 1906,200000,184.610675401378,2140000000,1906-10-18 11:30:00,105,953.0,FL,1191.4689132099377,9093,25.15,-80.8,-2.1158781484792124,10.802885637435105,10.796128261908457,10.801189576538617,19,0,35, , , , ,,, , , , ,,, , , , ,,
AL041909,Valasco,2000000,194.6054845985961,2210000000,1909-07-21 17:00:00,100,960.0833333333334,TX,1168.3371450947238,87964,28.9,-95.3,10.63813232924224,4.347451240274267,6.229797748578764,4.9599814742735004,10,0,295, , , , ,,, , , , ,,, , , , ,,
AL091909,Grand Isle,5000000,297.83653900710067,1400000000,1909-09-21 00:00:00,100,952.0,LA,1168.3371450947238,143689,29.5,-91.3,-14.358553922532208,10.61347762222184,9.61894600071694,10.115597094574786,19,67,345, , , , ,,, , , , ,,, , , , ,,
AL111909,Storm 10 in 1909,1000000,833.206886224298,8980000000,1909-10-11 20:00:00,100,957.0,FL,1168.3371450947238,10273,25.10793333333333,-80.3044,-11.721781631001384,11.60406520385868,10.370597692799326,11.191127382319822,23,37,55, , , , ,,, , , , ,,, , , , ,,
AL051910,Storm 5 in 1910,500000,335.5484491902991,5150000000,1910-10-18 06:00:00,100,955.0,FL,1186.5024934051332,12559,26.5,-82.0,33.47555077951721,5.21199801359105,5.211644300546339,5.211819601306749,10,31,10, , , , ,,, , , , ,,, , , , ,,
AL031911,Storm 3 in 1911,1000000,45.66036528226898,420000000,1911-08-28 10:00:00,85,972.0,SC,1200.2542793401865,182468,32.2,-80.7,-104.59599096473164,2.619095775041134,3.9286425298224383,3.4921258121536933,5,9,285, , , , ,,, , , , ,,, , , , ,,
AL041913,Storm 4 in 1913,3000000,216.9694403043206,1930000000,1913-09-03 09:00:00,75,976.0,NC,1320.5572663335856,104705,34.7499,-76.7447,-78.34287225978436,3.9897399292294433,4.153423580715606,4.112445077671352,8,0,290, , , , ,,, , , , ,,, , , , ,,
AL021915,Galveston,50000000,2215.050839550926,121200000000,1915-08-17 07:00:00,115,940.0,TX,1261.784595225527,178896,29.2,-95.1,-22.87579917843218,9.624424996698465,6.140136269083899,7.133785090746324,16,22,325, , , , ,,, , , , ,,, , , , ,,
AL061915,New Orleans,13000000,327.8183817394035,2980000000,1915-09-29 19:30:00,112,945.0,LA,1261.784595225527,314286,29.27495,-90.3015,-25.473775370205868,5.64356813789721,4.619529412781659,5.131477059423477,11,14,350, , , , ,,, , , , ,,, , , , ,,
AL021916,Storm 2 in 1916,3000000,136.4392902750071,1800000000,1916-07-05 21:00:00,105,950.0,AL,1596.9900273725216,137683,30.4,-88.4,3.641560778969911,6.250675799443927,4.473628028852539,5.335588359461913,12,33,335, , , , ,,, , , , ,,, , , , ,,
AL061916,Storm 6 in 1916,1800000,379.6693150166631,2460000000,1916-08-18 22:30:00,115,934.0,TX,1596.9900273725216,29687,27.05,-97.5,-4.972760604026282,6.313944473063266,6.309693302708815,6.310753791342593,13,9,300, , , , ,,, , , , ,,, , , , ,,
AL011918,Storm 1 in 1918,5000000,326.9563049608164,420000000,1918-08-06 18:00:00,105,955.0,LA,2379.4074559463406,64270,29.8,-93.2,19.126750461498265,7.12871065251086,7.118454336786108,7.123549338256447,15,48,330, , , , ,,, , , , ,,, , , , ,,
AL021919,Storm 2 in 1919,2000000,157.98252371342218,600000000,1919-09-09 17:30:00,127,927.0,FL,2445.8116089615305,51760,24.08915,-81.23333333333333,-13.86868529026634,3.9237884155181915,3.8245487686066237,3.904225020613123,8,111,280, , , , ,,, , , , ,,, , , , ,,
AL021919,Storm 2 in 1919,20000000,2386.6404269939435,18460000000,1919-09-14 22:00:00,100,950.0,TX,2445.8116089615305,34263,27.266666666666666,-97.53333333333332,-1.8460443437830008,6.739820230346538,6.734351732278313,6.736167534496042,13,14,280, , , , ,,, , , , ,,, , , , ,,
AL021920,Storm 2 in 1920,1450000,50.03750064780659,1020000000,1920-09-22 01:30:00,85,976.0,LA,2723.63836530902,106395,29.225675000000003,-90.868975,-6.350502421582903,8.589800264777825,8.733606312134398,8.696001543737909,16,9,335, , , , ,,, , , , ,,, , , , ,,
AL061921,Tampa Bay,3000000,82.19725461256132,5660000000,1921-10-25 20:00:00,100,958.0,FL,2224.5391201393195,164068,28.1,-82.8,-23.73099801974153,6.175206655897506,4.113521940154889,5.48797501184238,10,0,55, , , , ,,, , , , ,,, , , , ,,
AL011926,Storm 1 in 1926,3051000,153.34983897481666,7190000000,1926-07-28 06:30:00,90,967.0,FL,2616.761927476852,76032,28.564316666666667,-80.53265,-14.287873825858188,4.339794543628243,4.515295841856199,4.486024902835879,9,0,335, , , , ,,, , , , ,,, , , , ,,
AL031926,Storm 3 in 1926,7000000,257.3448593403224,1750000000,1926-08-25 22:30:00,100,955.0,LA,2616.761927476852,103949,29.136725,-90.8924,4.479192372245104,4.860761667600007,3.9178728249292503,4.618191308094815,7,0,355, , , , ,,, , , , ,,, , , , ,,
AL071926,Great Miami,76000000,3931.367275729192,242750000000,1926-09-18 12:00:00,125,930.0,FL,2616.761927476852,73876,25.6,-80.3,12.218222029495909,7.208794123879011,7.194160957648269,7.201442277417826,15,73,295, , , , ,,, , , , ,,, , , , ,,
AL071926,Great Miami,29000000,622.7956482928042,13200000000,1926-09-20 21:00:00,100,954.9038461538462,AL,2616.761927476852,177946,30.3035,-87.4335,-14.150724235945937,1.1895953928698397,1.7801648294626962,1.3360379930480848,5,0,270, , , , ,,, , , , ,,, , , , ,,
AL041928,Lake Okeechobee,25000000,1799.1048045305663,63830000000,1928-09-17 00:00:00,127,929.0,FL,2717.6393464388543,51132,26.7,-80.0,8.431934470290908,6.333921699490312,6.321331724566621,6.327599768088035,13,69,305, , , , ,,, , , , ,,, , , , ,,
AL011929,Storm 1 in 1929,675000,44.3500487706007,110000000,1929-06-28 21:30:00,80,982.5,TX,2716.651077306816,56024,28.383333333333333,-96.51666666666668,11.302093229876553,8.167744570023624,8.156220403175041,8.15813164382156,14,11,315, , , , ,,, , , , ,,, , , , ,,
AL021929,Storm 2 in 1929,100000,2.980002535237709,170000000,1929-09-28 15:30:00,100,949.0714285714286,FL,2716.651077306816,123523,25.09166666666667,-80.74708333333334,-2.024621045041018,2.687918579179896,2.8365347037858126,2.8018946989562865,6,0,280, , , , ,,, , , , ,,, , , , ,,
AL021929,Storm 2 in 1929,200000,13.97390053109235,220000000,1929-10-01 03:30:00,70,974.7857142857144,FL,2716.651077306816,52684,30.1579,-85.75475,-4.098778169209101,4.310823029015026,3.912106235920981,4.079682637027639,6,9,40, , , , ,,, , , , ,,, , , , ,,
AL021932,Freeport,7500000,216.7244327671565,12650000000,1932-08-14 04:00:00,130,935.0,TX,2012.821231062274,171929,29.0,-95.2,-26.57429477952822,4.100196923856747,4.34017089792532,4.151694079928015,10,22,305, , , , ,,, , , , ,,, , , , ,,
AL061933,Storm 8 in 1933,27000000,1109.9609360963527,7410000000,1933-08-23 11:00:00,81,964.5,NC,2116.317925053704,114941,35.95,-75.69999999999999,4.023446186475298,5.259891936842023,5.257736187377062,5.258811867713016,11,8,330, , , , ,,, , , , ,,, , , , ,,
AL111933,Storm 12 in 1933,1000000,57.33778862426957,2720000000,1933-09-04 05:00:00,110,948.0,FL,2116.317925053704,82410,26.9,-80.1,-35.26124638897179,6.323446518304952,6.3171203028437075,6.321331724566621,13,0,300, , , , ,,, , , , ,,, , , , ,,
AL081933,Storm 11 in 1933,16900000,490.2068652876139,9210000000,1933-09-05 04:30:00,110,940.0,TX,2116.317925053704,162902,26.1,-97.275,-14.763129844009466,4.1680332085292475,4.1680327477708285,4.168032344606694,8,9,270, , , , ,,, , , , ,,, , , , ,,
AL121933,Storm 13 in 1933,4750000,197.4675619300387,1770000000,1933-09-16 14:30:00,90,952.8333333333334,NC,2116.317925053704,113662,35.56875,-75.27108333333334,-32.31342833256295,4.7284092933725805,4.064628961001612,4.440194373309053,10,35,20, , , , ,,, , , , ,,, , , , ,,
AL011934,Storm 2 in 1934,2605000,80.25505940939703,710000000,1934-06-16 19:00:00,85,966.0,LA,2151.243230422581,150885,29.7,-91.7,-1.5702084170196828,3.0790712564475107,6.302777700152974,5.20935235003526,10,0,355, , , , ,,, , , , ,,, , , , ,,
AL031934,Storm 3 in 1934,1500000,67.00255990388837,640000000,1934-07-25 18:00:00,75,979.0,TX,2151.243230422581,104066,28.1,-97.0,-9.86517903462753,5.459494652421402,6.369402356881435,6.141918166819355,11,9,275, , , , ,,, , , , ,,, , , , ,,
AL031935,Labor Day,5000000,128.62185214560603,2320000000,1935-09-03 06:30:00,160,899.4659090909091,FL,2165.48106970682,179515,25.14653333333333,-81.13974999999999,23.28135570915194,3.62779100158243,3.5985760019587762,3.5985190277329715,6,0,320, , , , ,,, , , , ,,, , , , ,,
AL031935,Labor Day,1000000,97.32968894092332,330000000,1935-09-04 22:30:00,85,965.484375,FL,2165.48106970682,47446,29.675,-83.4,10.070085543114685,4.618598168782037,4.618702905122844,4.618676721037617,9,0,0, , , , ,,, , , , ,,, , , , ,,
AL071935,Storm 6 in 1935,5500000,107.36707994363496,10420000000,1935-11-04 18:00:00,85,973.0,FL,2165.48106970682,236558,25.9,-80.1,30.089810094288406,5.658205723288759,5.662817695855522,5.66049589966376,11,59,255, , , , ,,, , , , ,,, , , , ,,
AL031936,Storm 3 in 1936,550000,19.750989714587952,190000000,1936-06-27 17:00:00,70,987.0,TX,2369.3059033710147,117531,28.0,-97.15,-11.778733409620024,5.12721810920444,5.124219822605118,5.125717158926261,10,14,310, , , , ,,, , , , ,,, , , , ,,
AL051936,Storm 5 in 1936,123000,4.561597457798956,110000000,1936-07-31 14:00:00,90,964.0,FL,2369.3059033710147,113806,30.4,-86.6,26.369661293452992,4.8085567634543525,4.074457907669969,4.475620078249731,7,0,325, , , , ,,, , , , ,,, , , , ,,
AL131936,Storm 13 in 1936,1600000,22.47408108485449,940000000,1936-09-18 12:00:00,85,965.0,NC,2369.3059033710147,300481,35.9,-74.8,34.2094127040711,5.204680955442599,6.2205842045633,5.712054416828833,9,84,345, , , , ,,, , , , ,,, , , , ,,
AL031938,Storm 2 in 1938,245000,6.909449358335176,31000000,1938-08-15 01:00:00,65,,LA,2475.205625956958,143256,29.8,-93.4,4.790611588543623,9.620792860008835,7.813798506763222,8.403699445461031,16,33,345, , , , ,,, , , , ,,, , , , ,,
AL061938,New England,306000000,121.47743863175631,60680000000,1938-09-21 20:00:00,105,941.0,NY,2475.205625956958,10176877,40.7,-72.9,46.776237634504966,21.590069411711198,18.50898489649981,20.563041239974027,41,0,355, , , , ,,, , , , ,,, , , , ,,
AL021940,Storm 2 in 1940,9000000,162.78706322336194,1370000000,1940-08-07 20:30:00,85,972.0,TX,2697.506849729795,204956,29.683333333333334,-94.05,-4.300353103941477,2.8789165938256316,2.8776777296983367,2.8787096887466617,5,0,295, , , , ,,, , , , ,,, , , , ,,
AL031940,Storm 3 in 1940,7000000,131.30582313906174,1930000000,1940-08-11 20:30:00,85,972.5,SC,2697.506849729795,197629,32.1069,-80.8845,99.8713827900282,4.451282647963164,6.071390433235688,5.243912606437505,11,0,270, , , , ,,, , , , ,,, , , , ,,
AL021941,Storm 2 in 1941,7000000,251.78699806032665,3820000000,1941-09-23 22:00:00,110,989.0,TX,3050.9287716825816,91124,28.8,-95.6,17.625620870321963,3.078656983157865,3.0787254758180738,3.0787026449313886,8,14,350, , , , ,,, , , , ,,, , , , ,,
AL051941,Storm 5 in 1941,337500,3.493659260505357,210000000,1941-10-06 11:00:00,85,986.7916666666666,FL,3050.9287716825816,316637,25.5,-80.3,0.5701150152372155,2.7927144884708914,15.249129931811314,8.918871959539773,8,10,280, , , , ,,, , , , ,,, , , , ,,
AL051941,Storm 5 in 1941,337500,15.493439998970349,100000000,1941-10-07 09:00:00,80,982.0,FL,3050.9287716825816,71399,29.9,-84.6,23.900813721797427,7.184391724505685,4.105708585588815,5.645050155047237,14,62,350, , , , ,,, , , , ,,, , , , ,,
AL021942,Storm 1 in 1942,601000,4.944246336432664,280000000,1942-08-21 13:30:00,67,,TX,3445.0541302091024,352840,29.549075,-94.650025,-7.602249771482986,4.048645754376896,4.10276517203068,4.089160704990413,8,0,320, , , , ,,, , , , ,,, , , , ,,
AL031942,Storm 2 in 1942,26500000,1147.8869877574205,3090000000,1942-08-30 09:30:00,100,950.3333333333334,TX,3445.0541302091024,67012,28.383333333333333,-96.7,-18.730031788528297,7.483121762581033,7.473916612836038,7.475443724484608,13,9,315, , , , ,,, , , , ,,, , , , ,,
AL011943,Storm 1 in 1943,16550000,127.3202335140064,6620000000,1943-07-27 18:00:00,90,967.0,TX,3780.194384923101,343864,29.5,-94.6,7.753739081902265,2.883651609854213,2.8811843146852647,2.882414910702634,6,24,300, , , , ,,, , , , ,,, , , , ,,
AL031944,Storm 3 in 1944,2000000,27.015019961437822,520000000,1944-08-01 23:00:00,70,985.0,NC,4002.976943141832,184945,33.9,-78.1,72.1652941789176,10.86020016695804,6.675343355656379,9.401272746530347,15,0,350, , , , ,,, , , , ,,, , , , ,,
AL071944,Storm 7 in 1944,10000000,208.02521675665855,11200000000,1944-09-14 15:00:00,105,943.0,NC,4002.976943141832,120088,35.7246,-75.1371,-34.3818503346108,12.77388323767253,14.590530424083244,13.67307212559634,23,93,10, , , , ,,, , , , ,,, , , , ,,
AL071944,Storm 7 in 1944,90000000,155.74469096553952,13730000000,1944-09-15 02:00:00,90,954.0,NY,4002.976943141832,1443598,40.9,-72.2,-13.716425811619454,19.412994668564476,11.607335619497478,16.81088900775314,20,11,40, , , , ,,, , , , ,,, , , , ,,
AL131944,Storm 11 in 1944,63000000,728.49294279065,78840000000,1944-10-19 07:00:00,95,962.0,FL,4002.976943141832,216039,27.2,-82.5,10.97503731864956,9.636171835067604,8.170458599456554,8.656347968782644,17,29,10, , , , ,,, , , , ,,, , , , ,,
AL131944,Storm 11 in 1944,37000000,326.0564528435125,6150000000,1944-10-19 22:00:00,60,978.6666666666666,SC,4002.976943141832,283482,30.743266666666667,-81.49973333333334,-55.698009486689614,7.49146695792239,7.156403975655576,7.240191975982525,14,0,10, , , , ,,, , , , ,,, , , , ,,
AL051945,Storm 5 in 1945,20000000,690.8601849985452,2830000000,1945-08-27 15:00:00,100,964.0,TX,4272.911783202791,67751,28.4076,-96.4926,2.7825271934438955,2.8435952916495983,2.6355817911141983,2.7395876517421724,5,9,40, , , , ,,, , , , ,,, , , , ,,
AL091945,Storm 9 in 1945,60000000,383.2406447849672,20380000000,1945-09-15 19:30:00,115,949.0,FL,4272.911783202791,366400,25.3,-80.3,-1.4189939526018902,6.941492177473925,8.315661669496407,7.254666026809666,14,0,320, , , , ,,, , , , ,,, , , , ,,
AL061946,Storm 5 in 1946,5200000,26.210056486706897,1700000000,1946-10-08 02:00:00,75,980.0,FL,4943.1002411785885,401362,27.5,-82.6,2.785321526105235,8.73153638793072,9.632707911930844,8.988368229484857,17,0,5, , , , ,,, , , , ,,, , , , ,,
AL071946,Storm 6 in 1946,7000000,76.96883621410544,5990000000,1946-11-01 21:30:00,40,1002.0,FL,4943.1002411785885,183986,26.5201,-80.0227,-0.3196843594223038,10.042919864295888,6.51898363401551,8.280160623953135,16,19,320, , , , ,,, , , , ,,, , , , ,,
AL031947,Storm 3 in 1947,200000,0.7231530985510258,47000000,1947-08-24 22:30:00,70,984.0,TX,5602.736494456242,493628,29.225,-94.925,-18.88952498827878,2.047881621871838,2.047457489432045,2.047563436123654,4,11,310, , , , ,,, , , , ,,, , , , ,,
AL041947,Storm 4 in 1947,31000000,113.2552537638324,21770000000,1947-09-17 16:30:00,115,943.0,FL,5602.736494456242,488543,26.1,-80.1,34.702965036405715,3.7049180947208056,5.557376459475854,4.631145229271527,8,19,250, , , , ,,, , , , ,,, , , , ,,
AL041947,Storm 4 in 1947,79000000,205.5904001851886,2830000000,1947-09-19 14:30:00,95,966.0,LA,5602.736494456242,685842,29.65795,-89.6426,34.889269270819184,8.461484452465843,8.851465347104725,8.636129066239985,15,9,295, , , , ,,, , , , ,,, , , , ,,
AL061947,Storm 6 in 1947,100000,2.9461510767169896,45000000,1947-09-23 22:30:00,55,987.4375,FL,5602.736494456242,60582,28.881500000000003,-82.70625,-42.91389422818336,1.188409570523462,10.813355034698574,7.814826088908396,13,9,10, , , , ,,, , , , ,,, , , , ,,
AL071947,Storm 7 in 1947,100000,0.5760248301123713,22000000,1947-10-07 04:00:00,50,,FL,5602.736494456242,309855,30.8,-81.5,23.28418598207377,11.075900299104266,8.118472180169546,9.09607866578987,21,28,295, , , , ,,, , , , ,,, , , , ,,
AL091947,Storm 8 in 1947,20000000,135.1281592126333,6640000000,1947-10-12 02:30:00,80,975.0875,FL,5602.736494456242,264170,25.4481,-81.08680000000001,17.2252682133177,6.984984360905026,5.806660880615208,6.37903153724805,16,10,70, , , , ,,, , , , ,,, , , , ,,
AL091947,Storm 8 in 1947,3000000,22.744468520212365,350000000,1947-10-15 12:30:00,90,966.0,GA,5602.736494456242,235421,31.789166666666667,-81.26075,117.99382858101676,8.483809762771426,8.90383067758559,8.832860100081778,15,9,265, , , , ,,, , , , ,,, , , , ,,
AL051948,Storm 5 in 1948,900000,4.848028129540422,44000000,1948-09-04 08:00:00,70,983.5,LA,5887.568113154792,315313,29.26975,-90.39985,-2.5869913521851933,5.885276731720983,4.831062475833139,5.3497158150378405,12,9,25, , , , ,,, , , , ,,, , , , ,,
AL081948,Storm 7 in 1948,12000000,2328.869306172752,5890000000,1948-09-22 05:00:00,115,940.0,FL,5887.568113154792,8752,25.8,-81.3,7.432386462277481,3.378345049582123,6.754916488466893,4.503867758432919,9,0,30, , , , ,,, , , , ,,, , , , ,,
AL091948,Storm 8 in 1948,5500000,23.115321278428542,1150000000,1948-10-05 20:30:00,90,980.4,FL,5887.568113154792,404135,25.192950000000003,-80.81705,-12.379375083743732,7.369708663755473,9.29108752317303,8.320194383575439,14,11,35, , , , ,,, , , , ,,, , , , ,,
AL021949,Storm 2 in 1949,52000000,431.144364992759,25900000000,1949-08-26 23:30:00,115,954.0,FL,5883.180952891654,205007,26.6,-80.05,-2.9206745752028724,2.7667682605716064,2.7667682605716064,2.766768207767648,9,9,295, , , , ,,, , , , ,,, , , , ,,
AL111949,Storm 10 in 1949,6700000,106.80150331445564,1380000000,1949-10-04 05:00:00,95,965.0,TX,5883.180952891654,106631,28.8,-95.6,-1.3308168327878755,7.696415347783897,9.236245123423123,8.209691939663674,14,0,10, , , , ,,, , , , ,,, , , , ,,
AL051950,Easy,3300000,10.219996719294905,2380000000,1950-09-04 12:00:00,85,973.0,FL,6456.844492497567,500084,27.7,-83.5,5.31073520307867,3.211096298814087,2.746173036935013,2.908304607703829,6,74,345, , , , ,,, , , , ,,, , , , ,,
AL111950,King,28000000,73.52967060352489,7220000000,1950-10-18 05:00:00,115,955.0,FL,6456.844492497567,589760,25.7,-80.2,7.018789594617346,6.758450405611389,6.755804586188432,6.757565193813647,13,0,335, , , , ,,, , , , ,,, , , , ,,
AL091951,How,2000000,44.10709557127195,1850000000,1951-10-02 11:00:00,55,992.9375,FL,6985.034383972727,64916,26.75,-82.0,-40.80947340353711,8.432863823496714,8.429300021092857,8.431075665852564,16,11,80, , , , ,,, , , , ,,, , , , ,,
AL021952,Able,2750000,14.010927442306022,210000000,1952-08-31 03:00:00,85,983.0,SC,7260.088943257255,270348,32.3,-80.6,-85.25176992164005,6.404081336476164,6.401515226860173,6.4027878103942255,12,52,340, , , , ,,, , , , ,,, , , , ,,
AL031953,Barbara,1000000,11.23453181722808,78000000,1953-08-14 05:00:00,80,980.5833333333334,NC,7437.094600946325,119686,35.4,-76.1,-27.59007986260692,6.163569055015584,6.659208634325995,6.220937801080731,11,0,15, , , , ,,, , , , ,,, , , , ,,
AL091953,Florence,200000,2.3303755695808537,21000000,1953-09-26 16:00:00,80,968.0,FL,7437.094600946325,115399,30.433333333333334,-86.16666666666667,-25.48388011661781,4.201246628476501,4.200985023394949,4.201071870340711,8,9,20, , , , ,,, , , , ,,, , , , ,,
AL061954,Carol,227500,2.298237021517654,42000000,1954-08-31 01:00:00,97,959.3333333333334,NC,7624.806793479933,129825,34.55816666666667,-75.77276666666667,38.84622173073584,13.845354565157498,14.266585125821003,14.125960816582772,23,66,35, , , , ,,, , , , ,,, , , , ,,
AL061954,Carol,460000000,331.44653677694896,24920000000,1954-08-31 14:00:00,100,955.0,NY,7624.806793479933,1820185,40.9,-72.2,47.85642139874036,22.726621033644665,13.192640728532785,19.54596224679376,34,0,15, , , , ,,, , , , ,,, , , , ,,
AL081954,Edna,40000000,14.439932924224443,4010000000,1954-09-11 19:00:00,97,952.0,MA,7624.806793479933,3633005,41.7,-70.3,-89.09912501695294,20.702278722786712,15.41348026397937,17.989674215181925,40,19,25, , , , ,,, , , , ,,, , , , ,,
AL141954,Hazel,281000000,2069.242957473319,36450000000,1954-10-15 15:30:00,115,938.0,SC,7624.806793479933,178101,33.9,-78.6,96.29328334043716,18.48631326117582,26.064335418462328,24.783317470629736,21,28,5, , , , ,,, , , , ,,, , , , ,,
AL021955,Connie,40000000,274.789028981621,2710000000,1955-08-12 16:00:00,85,962.0,NC,8134.321585236724,178953,34.800000000000004,-76.66666666666667,-25.59737790441297,3.196058477124529,3.195724634016306,3.195835582165634,7,0,15, , , , ,,, , , , ,,, , , , ,,
AL031955,Diane,200000000,1286.7247438411528,21960000000,1955-08-17 12:30:00,62,985.3333333333334,NC,8134.321585236724,191083,34.08416666666667,-77.94416666666667,55.07403274404236,5.659966849558526,5.754782911919739,5.737618323129783,10,9,335, , , , ,,, , , , ,,, , , , ,,
AL031955,Diane,600000000,57.56395904333729,31030000000,1955-08-19 07:00:00,40,1000.3333333333334,NY,8134.321585236724,12813839,40.5358,-74.25736666666667,-101.80581409915892,5.817438837893008,5.469644776672781,5.585560438792564,10,0,75, , , , ,,, , , , ,,, , , , ,,
AL081955,Ione,88035000,612.9573180201901,8410000000,1955-09-19 11:30:00,92,955.0,NC,8134.321585236724,176565,34.75,-76.7,-1.5267928069182275,3.0815430017115344,3.081568350203476,3.0815556759576035,8,0,355, , , , ,,, , , , ,,, , , , ,,
AL071956,Flossy,25000000,200.2473136685157,2060000000,1956-09-24 23:30:00,80,974.1666666666666,LA,8679.65355098353,143837,30.35955,-86.49623333333334,2.527709624162205,5.73288038667721,5.710727746257355,5.7248851930457905,10,11,65, , , , ,,, , , , ,,, , , , ,,
AL021957,Audrey,150000000,544.1961581662082,4750000000,1957-06-27 13:30:00,110,946.0,TX,8974.508681994934,307132,29.8,-93.7,14.248799994983278,10.419162374078471,6.412639331185263,8.404215171650645,17,44,5, , , , ,,, , , , ,,, , , , ,,
AL061957,Esther,1500000,10.77110766878593,73000000,1957-09-18 12:00:00,55,1000.6666666666666,LA,8974.508681994934,155174,29.2,-90.9,17.93054348397622,6.727112320432421,6.414467042020233,6.556296815974271,14,62,25, , , , ,,, , , , ,,, , , , ,,
AL081958,Helene,11200000,58.9963465121442,740000000,1958-09-27 17:00:00,120,938.0,NC,9115.601725038898,208261,33.7665,-77.7919,-53.563602625256856,6.671545481628,6.423818559872515,6.588086175288492,14,35,55, , , , ,,, , , , ,,, , , , ,,
AL011959,Arlene,500000,3.026400553182464,15000000,1959-05-30 22:30:00,55,993.0,LA,9323.660588268503,177197,29.65,-91.6,12.157932284864724,3.07905963729207,3.0791061463431117,3.0790945190803605,6,0,10, , , , ,,, , , , ,,, , , , ,,
AL031959,Not Named 1959,1656000,2.5148688176460414,130000000,1959-06-18 08:00:00,40,1002.0,FL,9323.660588268503,706250,28.0,-82.8,-13.395214967507368,13.149507154421986,14.973066286853749,13.749414217427521,34,0,65, , , , ,,, , , , ,,, , , , ,,
AL051959,Debra,7000000,12.818755129789109,620000000,1959-07-25 05:00:00,75,980.0,TX,9323.660588268503,585687,29.1,-95.2,-2.8326990109425827,3.078771256234246,3.078840103721051,3.078794205396543,4,0,10, , , , ,,, , , , ,,, , , , ,,
AL081959,Gracie,14000000,61.505881629143,710000000,1959-09-29 17:30:00,115,951.0,SC,9323.660588268503,244132,32.5,-80.5,-75.65974471947484,5.220930933576607,5.220930933576607,5.220930359663412,10,0,300, , , , ,,, , , , ,,, , , , ,,
AL011960,Not Named 1960,3600000,17.185833310683545,130000000,1960-06-24 05:30:00,50,1000.0,TX,9442.354503208682,221846,27.125,-97.475,-16.68664075636435,4.818193610675313,4.8177639031430495,4.818085917533802,10,0,340, , , , ,,, , , , ,,, , , , ,,
AL031960,Brenda,5000000,141.13002141115996,500000000,1960-07-29 06:00:00,45,1000.0,FL,9442.354503208682,37521,29.7,-83.5,-12.90229774375578,10.821158660935906,11.673233662336346,11.194184473664269,18,91,50, , , , ,,, , , , ,,, , , , ,,
AL051960,Donna,300000000,573.418095577644,73410000000,1960-09-10 10:30:00,125,936.0,FL,9442.354503208682,554076,25.14305,-81.1876,38.23262875390292,3.3600496525221866,3.8426286124335975,3.5992740490409663,7,11,325, , , , ,,, , , , ,,, , , , ,,
AL051960,Donna,56500000,295.66504911153027,3750000000,1960-09-12 04:30:00,90,958.5,NC,9442.354503208682,202380,34.725,-77.15,34.51944515605467,10.848689505077708,10.83269845341652,10.836675461445616,22,0,40, , , , ,,, , , , ,,, , , , ,,
AL051960,Donna,30000000,10.92463336597714,1100000000,1960-09-12 19:30:00,85,960.5,NY,9442.354503208682,2908266,41.0,-72.65,63.5559387601443,21.9027848451391,21.875316737898434,21.888984209697306,41,11,30, , , , ,,, , , , ,,, , , , ,,
AL061960,Ethel,1060000,5.701300208755565,45000000,1960-09-15 21:00:00,70,980.0,MS,9442.354503208682,196903,30.4,-89.0,-22.647824230899825,3.557940547219732,2.2371478267789784,2.8928133286023328,7,24,340, , , , ,,, , , , ,,, , , , ,,
AL031961,Carla,325000000,3727.772208135629,22270000000,1961-09-11 22:00:00,125,936.6666666666666,TX,9631.439736151784,90520,28.375,-96.65673333333334,17.31548190634433,4.335819159816243,5.0371123368016395,3.5723331911717833,7,0,325, , , , ,,, , , , ,,, , , , ,,
AL051961,Esther,6000000,2.855439490562482,380000000,1961-09-21 21:00:00,105,982.5,MA,9631.439736151784,2181660,40.9372,-70.4446,55.52915208361326,2.4422604276633226,3.746214771767095,2.734821171988746,6,77,75, , , , ,,, , , , ,,, , , , ,,
AL011962,Alma,1000000,6.230861111118689,58000000,1962-08-28 08:30:00,65,990.6666666666666,NC,9905.139610911623,162028,34.52641666666666,-76.09966666666666,7.854868104123367,10.316680695804434,5.338698778819963,8.82831137385564,18,50,35, , , , ,,, , , , ,,, , , , ,,
AL041962,Daisy,1100000,17.22391072043809,32000000,1962-10-08 01:00:00,65,975.0,ME,9905.139610911623,64476,43.605133333333335,-66.25663333333334,-69.76403409594164,6.353607986206271,6.919223569893621,6.725857902805733,11,39,50, , , , ,,, , , , ,,, , , , ,,
AL041963,Cindy,12560000,27.927103373341915,410000000,1963-09-17 14:00:00,65,996.7777777777778,TX,10152.139461172736,443002,29.558333333333334,-94.4052,-3.726735731182641,2.819517267138377,5.199594679211381,3.079024861364404,4,0,320, , , , ,,, , , , ,,, , , , ,,
AL031964,Abby,750000,6.439384487053286,46000000,1964-08-07 21:30:00,55,1000.0,TX,10656.655916051424,109294,28.716416666666667,-95.69991666666668,-3.005672577918307,5.146496495334937,4.461904778077886,3.615771717014366,8,0,270, , , , ,,, , , , ,,, , , , ,,
AL051964,Cleo,128500000,91.8853006460138,8750000000,1964-08-27 10:30:00,90,970.0,FL,10656.655916051424,1312309,26.1,-80.12135,-38.26668673895166,4.122307628978834,4.353938374257859,4.206554016430754,8,0,350, , , , ,,, , , , ,,, , , , ,,
AL061964,Dora,250000000,429.233094443948,22720000000,1964-09-10 05:00:00,97,965.6666666666666,FL,10656.655916051424,546545,29.883233333333333,-81.27586666666667,42.2981605884108,5.2051213562386245,0.8281424093775019,3.72319467708819,7,9,280, , , , ,,, , , , ,,, , , , ,,
AL101964,Hilda,125000000,593.5620762618488,3620000000,1964-10-04 00:30:00,97,959.0,LA,10656.655916051424,197616,29.6575,-91.57418333333332,-8.385660078883333,4.771143391666722,5.5080038416722745,4.105583748335462,8,0,5, , , , ,,, , , , ,,, , , , ,,
AL111964,Isbell,10000000,555.3566884612293,1120000000,1964-10-14 21:00:00,110,970.0,FL,10656.655916051424,16897,25.7274,-81.3521,-33.400193930650964,8.82287690360427,9.806230655362356,9.313387785087393,16,81,35, , , , ,,, , , , ,,, , , , ,,
AL031965,Betsy,139300000,156.807194393319,3500000000,1965-09-08 13:30:00,110,951.0,FL,11225.282613058082,791385,25.14255,-81.06739999999999,-5.6932422616524185,9.20933090119866,2.6257719984960493,5.699117555911115,9,15,275, , , , ,,, , , , ,,, , , , ,,
AL031965,Betsy,1280500000,1633.0845376383077,17750000000,1965-09-10 04:30:00,135,946.0,LA,11225.282613058082,698512,29.26775,-90.32465,-11.39376646942349,12.83062389183848,8.42554674211604,9.129736763208898,18,0,315, , , , ,,, , , , ,,, , , , ,,
AL051965,Debbie,25000000,83.79225172148017,700000000,1965-09-30 00:00:00,30,1004.0,MS,11225.282613058082,265790,30.0,-88.9,-10.189571901256626,22.319733212134366,42.78297914318442,2.241730673768964,3,0,335, , , , ,,, , , , ,,, , , , ,,
AL011966,Alma,10050000,67.1444979998047,1120000000,1966-06-09 20:00:00,80,979.6666666666666,FL,12049.400047813058,124220,29.9098,-84.4982,15.553579087548332,4.769618327413823,9.908135387671686,5.791513598539732,9,0,30, , , , ,,, , , , ,,, , , , ,,
AL091966,Inez,5000000,3.508365432556059,120000000,1966-10-04 17:30:00,75,984.1666666666666,FL,12049.400047813058,1182769,25.02625,-80.43208333333334,18.97036621580777,4.9283734558299415,4.137030229902004,4.782988286878584,9,15,255, , , , ,,, , , , ,,, , , , ,,
AL131967,Beulah,200000000,495.0416575698937,7010000000,1967-09-20 09:00:00,140,931.0,TX,12859.744807599416,314164,25.5299,-97.0078,4.833402385731379,5.8223306626349975,4.195518197280554,4.9632100638096945,9,77,335, , , , ,,, , , , ,,, , , , ,,
AL011968,Abby,450000,1.307016674675687,56000000,1968-06-04 11:30:00,57,992.0,FL,14010.31158932974,245744,26.80838333333333,-82.16681666666666,6.235605930812306,7.884847195518905,9.933639266505292,4.950486831207065,10,11,30, , , , ,,, , , , ,,, , , , ,,
AL031968,Candy,3000000,7.385689021620328,65000000,1968-06-23 23:00:00,60,999.3333333333334,TX,14010.31158932974,289923,27.97833333333333,-97.09753333333332,-12.381615424733596,10.97998676829878,10.289315041735277,10.421406568920938,20,9,345, , , , ,,, , , , ,,, , , , ,,
AL141968,Gladys,6700000,29.935832306205405,1170000000,1968-10-19 05:00:00,70,977.6666666666666,FL,14010.31158932974,159748,28.784766666666663,-82.62203333333333,26.19294869352723,3.3594142400757514,3.342640741924158,3.1193853844428197,6,9,55, , , , ,,, , , , ,,, , , , ,,
AL091969,Camille,1421000000,1375.3615533481156,28520000000,1969-08-18 04:00:00,150,900.0,LA,15151.231157761831,681913,30.3,-89.4,-26.170574722546267,6.714425208769804,6.7114401676853355,6.712430688535026,15,22,340, , , , ,,, , , , ,,, , , , ,,
AL041970,Celia,454000000,819.8729404657537,9050000000,1970-08-03 21:30:00,110,947.5,TX,16299.75279025205,339726,27.84975,-97.16883333333332,-8.123036871920114,4.855414682473485,7.556472872364406,7.082206646385349,15,9,295, , , , ,,, , , , ,,, , , , ,,
AL091971,Doria,147350000,308.37967024853816,3420000000,1971-08-27 18:30:00,55,989.1666666666666,NC,17675.692852878296,270326,34.94156666666667,-76.78444999999999,-70.71221655151089,8.76076439831821,8.161470422093364,8.261234694649795,19,0,10, , , , ,,, , , , ,,, , , , ,,
AL111971,Fern,30230000,128.822467660071,690000000,1971-09-10 17:00:00,60,979.0,TX,17675.692852878296,132761,28.3408,-96.42416666666666,-23.77500487343498,1.9204081362328849,2.4176751958484872,2.085519230820715,5,11,235, , , , ,,, , , , ,,, , , , ,,
AL131971,Edith,25000000,73.35330315647677,380000000,1971-09-16 13:00:00,85,978.0,LA,17675.692852878296,192816,29.66143333333333,-92.85443333333332,1.9345121316966072,8.2696449117381,8.023791565759868,8.101865646234323,17,29,55, , , , ,,, , , , ,,, , , , ,,
AL141971,Ginger,10000000,20.754700785452314,270000000,1971-09-30 23:00:00,62,989.6666666666666,NC,17675.692852878296,272588,34.676633333333335,-76.91673333333334,21.418254809009746,1.8983946429896308,2.2384107718101647,1.9842423882761626,4,0,285, , , , ,,, , , , ,,, , , , ,,
AL021972,Agnes,100000000,443.21613358247134,1950000000,1972-06-19 21:00:00,65,984.0,FL,19190.278386463666,117572,30.065,-85.43,-10.220796452235996,5.009286269072251,4.912752599084717,4.9521083216144275,10,22,10, , , , ,,, , , , ,,, , , , ,,
AL021972,Agnes,2000000000,62.85928046116666,24490000000,1972-06-22 19:30:00,57,980.0,NY,19190.278386463666,16579801,40.6092,-73.65305000000001,45.40846553886593,9.307434677472955,8.915189802745454,9.111300522111529,19,45,340, , , , ,,, , , , ,,, , , , ,,
AL111972,Carrie,1780000,14.995890766525465,39000000,1972-09-04 11:30:00,50,998.2291666666666,MA,19190.278386463666,61854,44.6383,-67.58361666666667,131.7897231476406,10.990326868599158,10.63972752972763,10.931856241466123,17,0,25, , , , ,,, , , , ,,, , , , ,,
AL101973,Delia,18000000,8.179003071131,480000000,1973-09-05 02:00:00,55,986.8888888888888,TX,21497.69509151218,1023718,29.0368,-95.23526666666667,0.0577574903956079,4.571653634742027,4.8621230750931295,4.624202551863245,8,0,265, , , , ,,, , , , ,,, , , , ,,
AL021974,Subtrop 1 1974,10000000,2.6130074665059264,180000000,1974-06-25 07:30:00,50,1000.0,FL,25253.158047293557,1515457,27.8189,-82.76315,14.330489951438455,10.321868002745568,10.222682325473924,10.263330160287202,27,51,50, , , , ,,, , , , ,,, , , , ,,
AL101974,Carmen,150000000,247.23799068540723,1530000000,1974-09-08 04:30:00,130,937.0,LA,25253.158047293557,240248,29.23615,-91.16015,11.080844823569985,4.016639551006573,4.1999994838337305,4.0951229577374555,8,9,330, , , , ,,, , , , ,,, , , , ,,
AL131975,Eloise,490000000,1038.0563867403328,8500000000,1975-09-23 12:30:00,110,957.1666666666666,FL,27066.26971816964,174400,30.42445,-86.2544,-12.232679798445988,14.036450457875075,13.521862241462342,13.607008922550078,25,22,15, , , , ,,, , , , ,,, , , , ,,
AL071976,Belle,100000000,2.1183575735988454,720000000,1976-08-10 05:00:00,70,982.0,NY,29224.70951826347,16152901,40.648266666666665,-73.30993333333333,-57.38928607685747,11.756299027572966,11.151659037199453,11.55281039989951,20,11,15, , , , ,,, , , , ,,, , , , ,,
AL061977,Babe,10000000,12.252458404195997,88000000,1977-09-05 10:00:00,65,996.3333333333334,LA,32291.21744617299,252751,29.25333333333333,-91.23693333333333,15.06865838575015,5.019046689800609,3.829880804211206,4.202622088467478,8,22,15, , , , ,,, , , , ,,, , , , ,,
AL041978,Amelia,20000000,13.02139555804733,280000000,1978-07-30 21:00:00,45,1005.0,TX,36098.17229561291,425488,26.0401,-97.1998,-19.232272119591297,3.9508658086504465,4.130669598194567,4.040451776581722,8,20,330, , , , ,,, , , , ,,, , , , ,,
AL041979,Bob,20000000,13.96063859826861,90000000,1979-07-11 12:30:00,65,986.5,LA,41044.2191678587,349038,29.25583333333333,-90.56418333333332,20.446242647419503,9.789015707192332,9.334052713633476,9.409819369124136,17,0,15, , , , ,,, , , , ,,, , , , ,,
AL061979,Claudette,400000000,271.4486148511164,2020000000,1979-07-24 19:00:00,45,999.3333333333334,TX,41044.2191678587,359021,29.736633333333334,-93.8951,13.493890549496744,4.209112207184355,4.05529067745768,4.105521521522777,8,11,355, , , , ,,, , , , ,,, , , , ,,
AL121979,Elena,10000000,14.858244553160928,110000000,1979-09-01 14:00:00,35,1008.0,TX,41044.2191678587,163976,28.666666666666668,-95.81513333333334,9.279095453519108,2.573711032396333,1.1053956123839457,2.0523924977937855,5,9,0, , , , ,,, , , , ,,, , , , ,,
AL091979,David,160000000,50.73822971039715,2270000000,1979-09-03 17:00:00,85,972.0,FL,41044.2191678587,768303,27.05503333333333,-80.10496666666667,-41.70351325085343,4.837116469831892,5.172896567072976,4.943974943075916,9,0,335, , , , ,,, , , , ,,, , , , ,,
AL091979,David,160000000,101.15849986169236,1570000000,1979-09-04 18:30:00,82,970.1666666666666,GA,41044.2191678587,385359,31.58708333333333,-81.19798333333334,-92.90456928944585,5.365332744032106,5.087324639577668,5.1334466272490475,12,11,355, , , , ,,, , , , ,,, , , , ,,
AL111979,Frederic,2300000000,888.0809227134671,17170000000,1979-09-13 04:00:00,115,951.6666666666666,AL,41044.2191678587,630991,30.4284,-88.3382,7.804402234332437,7.106970125142772,6.114045109128432,6.4103746430092805,12,22,340, , , , ,,, , , , ,,, , , , ,,
AL041980,Allen,300000000,131.3377548748547,3040000000,1980-08-10 07:00:00,105,947.3333333333334,TX,46045.68648287857,496070,26.192533333333333,-97.33743333333334,3.1271896651430624,4.762519389937803,4.843020964715056,4.8127524034619205,7,9,310, , , , ,,, , , , ,,, , , , ,,
AL101981,Dennis,25000000,5.893051407934654,210000000,1981-08-17 07:00:00,35,999.0,FL,50162.16827240793,845714,25.2975,-81.1975,62.277981628824826,3.001015306851708,3.115851292717581,3.077170164479245,5,0,5, , , , ,,, , , , ,,, , , , ,,
AL021982,Subtrop 1 1982,10000000,6.474162535696907,84000000,1982-06-18 12:30:00,50,998.3333333333334,FL,52397.3163148421,294786,28.93168333333333,-82.58435,-16.548115157326365,18.446277004101606,18.533208625394064,18.518583313150945,30,19,40, , , , ,,, , , , ,,, , , , ,,
AL051982,Chris,2000000,0.9681922186344664,3000000,1982-09-11 11:30:00,55,994.1666666666666,LA,52397.3163148421,394239,29.72833333333333,-93.82038333333333,15.647198994872944,4.133660678666061,4.547268101168284,4.202238170228886,10,0,15, , , , ,,, , , , ,,, , , , ,,
AL031983,Alicia,3000000000,284.4001793265315,22330000000,1983-08-18 07:30:00,100,962.25,TX,53870.34689949775,1958130,29.1734,-95.143425,-27.27207819252038,5.0930574534303155,5.437978053006579,5.3497158150378405,11,9,335, , , , ,,, , , , ,,, , , , ,,
AL101984,Diana,65000000,35.83726389948272,620000000,1984-09-13 08:00:00,80,981.0,NC,56479.01384975929,321138,33.9096,-78.0771,-64.60898163059396,2.002741795159385,3.171252278046581,2.5692468905217964,4,0,275, , , , ,,, , , , ,,, , , , ,,
AL151984,Isidore,1000000,0.0905623637215312,8000000,1984-09-27 14:00:00,50,1000.0,FL,56479.01384975929,1955083,26.7048,-80.01833333333333,62.94504249154191,5.579424204164205,6.417292516571228,5.827557786365405,11,0,325, , , , ,,, , , , ,,, , , , ,,
AL021985,Bob,20000000,6.266891753831851,190000000,1985-07-25 03:30:00,65,1003.1666666666666,SC,59121.78309979624,539797,32.31666666666667,-80.53333333333333,17.509283482418336,7.396187363064432,7.394988099302526,7.395186247408605,13,14,355, , , , ,,, , , , ,,, , , , ,,
AL041985,Danny,50000000,41.2473498404054,200000000,1985-08-15 16:30:00,80,987.0,LA,59121.78309979624,205034,29.6,-92.7,21.0396557116093,6.157957063673505,8.211043043045555,7.184500053359514,9,34,355, , , , ,,, , , , ,,, , , , ,,
AL051985,Elena,1250000000,530.1040629169112,5360000000,1985-09-02 13:00:00,102,959.0,MS,59121.78309979624,398842,30.4,-89.2,2.1026378185725,12.335709513789823,9.234175656848352,10.267982438338832,19,14,295, , , , ,,, , , , ,,, , , , ,,
AL091985,Gloria,100000000,116.92356520090084,660000000,1985-09-27 06:00:00,90,942.0,NC,59121.78309979624,144661,35.5,-75.5,41.04814001619405,19.168315717576107,15.963382071221769,16.421189107652786,29,45,15, , , , ,,, , , , ,,, , , , ,,
AL091985,Gloria,800000000,10.077914618911528,3260000000,1985-09-27 16:30:00,85,961.75,NY,59121.78309979624,13426777,40.925,-73.175,71.10620901042473,20.890367112374854,20.876421928715885,20.879847961584662,40,11,20, , , , ,,, , , , ,,, , , , ,,
AL121985,Juan,1500000000,836.3314421070627,6140000000,1985-10-29 11:00:00,67,974.0,LA,59121.78309979624,303365,29.5,-91.4,14.066469010637707,4.092575614667461,4.090017534358,4.091721050900509,7,0,355, , , , ,,, , , , ,,, , , , ,,
AL131985,Kate,300000000,317.2298061238523,1800000000,1985-11-21 22:30:00,85,967.0,FL,59121.78309979624,159956,30.0,-85.4,1.404145993385054,6.7562297494176855,6.747772472919717,6.751990168833795,13,28,35, , , , ,,, , , , ,,, , , , ,,
AL021986,Bonnie,2000000,0.5236338854788897,7000000,1986-06-26 10:00:00,75,990.0,TX,62517.50227477638,610943,29.6,-94.2,-5.4823744804619,6.721307542526868,4.810091436910605,5.436000509703767,11,33,325, , , , ,,, , , , ,,, , , , ,,
AL051986,Charley,15000000,7.79277459958692,79000000,1986-08-17 14:30:00,65,989.5,NC,62517.50227477638,307891,34.78205,-76.4671,65.27302533807186,5.3266347241720355,8.029377104949454,6.6667828851950794,10,0,15, , , , ,,, , , , ,,, , , , ,,
AL031987,Unnamed,7400000,0.835415685786429,27000000,1987-08-10 06:00:00,40,1009.0,TX,65776.24226352005,1346666,29.5,-94.5,-29.587632603551224,5.131477059423477,5.13186313108258,5.131670095253016,11,51,355, , , , ,,, , , , ,,, , , , ,,
AL131987,Floyd,500000,0.0302190975967745,1000000,1987-10-12 21:00:00,65,993.0,FL,65776.24226352005,2515472,25.1,-80.5,-7.297026383360935,10.214825348591908,5.96317754762814,8.086028054542014,18,60,65, , , , ,,, , , , ,,, , , , ,,
AL021988,Beryl,3000000,0.3416128811484946,3000000,1988-08-09 07:00:00,45,1001.0,LA,69377.42031575814,1265811,29.690966666666668,-89.64723333333333,-29.45339428478504,4.850490748824685,4.677347775745336,4.723888568946293,8,9,305, , , , ,,, , , , ,,, , , , ,,
AL031988,Chris,500000,0.1781675787680038,3000000,1988-08-28 15:30:00,45,1005.1666666666666,GA,69377.42031575814,404504,32.13333333333333,-80.93333333333334,63.78917821238005,8.397986059507854,8.396901344500803,8.397080159275335,20,0,355, , , , ,,, , , , ,,, , , , ,,
AL071988,Florence,2920000,0.3315624714384903,2000000,1988-09-10 02:30:00,70,984.0,LA,69377.42031575814,1269402,29.18415,-89.32634999999999,-10.251468873193426,5.373905599353847,8.16771585519394,6.724224247726831,11,0,355, , , , ,,, , , , ,,, , , , ,,
AL081988,Gilbert,50000000,11.491505926132222,290000000,1988-09-16 21:00:00,115,953.0,TX,69377.42031575814,627155,24.1105,-97.5983,-10.957932453293727,6.0358724845388805,6.324937790511144,6.103650682573978,12,0,300, , , , ,,, , , , ,,, , , , ,,
AL121988,Keith,3000000,0.2200620418646492,16000000,1988-11-23 07:00:00,55,995.0,FL,69377.42031575814,1964979,27.3,-82.6,-17.600361249138636,5.499451781771761,7.04147166333331,6.494695652449084,13,19,70, , , , ,,, , , , ,,, , , , ,,
AL021989,Allison,500000000,352.99691287835174,2710000000,1989-06-26 13:30:00,41,1001.75,TX,72732.60114719042,194747,28.742425,-95.7,11.59389837343522,2.6122293181979486,3.2341632900091404,3.078679797056359,5,11,0, , , , ,,, , , , ,,, , , , ,,
AL041989,Chantal,100000000,13.423354297145693,390000000,1989-08-01 12:30:00,70,985.0,TX,72732.60114719042,1024259,29.55,-94.35,24.64305011984745,4.090445172875568,4.089590365906146,4.090017534358,9,14,320, , , , ,,, , , , ,,, , , , ,,
AL111989,Hugo,7000000000,1780.8852549838095,27430000000,1989-09-22 04:30:00,120,938.5,SC,72732.60114719042,540422,32.974999999999994,-79.925,35.10508599754846,12.588875891217093,12.576141068116044,12.57930439214943,24,0,330, , , , ,,, , , , ,,, , , , ,,
AL141989,Jerry,70000000,4.461320414623858,320000000,1989-10-16 00:30:00,75,983.0,TX,72732.60114719042,2157275,29.2,-95.0,-6.650355359773375,6.157680207442102,6.157957195155747,6.157911030536843,11,14,345, , , , ,,, , , , ,,, , , , ,,
AL151990,Marco,57000000,3.044596646731496,290000000,1990-10-11 11:30:00,52,993.5,FL,75416.99809338045,2482423,27.43208333333333,-82.78081666666667,16.670832246807088,4.184167589442609,4.31171853438138,4.205115872877751,8,19,345, , , , ,,, , , , ,,, , , , ,,
AL031991,Bob,1500000000,47.287970558476985,4690000000,1991-08-19 19:00:00,92,966.0,RI,76399.63712381179,4151923,41.8154,-71.10756666666667,36.11523757523631,14.49457356543781,13.966836472114332,14.141216583567212,27,8,30, , , , ,,, , , , ,,, , , , ,,
AL041992,Andrew,24000000000,921.9216306257044,87220000000,1992-08-24 09:00:00,145,922.0,FL,78515.26922567944,3315607,25.4999,-80.28,9.667679840393752,6.702523961334473,6.70261941962321,6.702514772330139,17,0,275, , , , ,,, , , , ,,, , , , ,,
AL041992,Andrew,1000000000,432.6998293769772,3030000000,1992-08-26 06:30:00,122,955.2,LA,78515.26922567944,294347,29.28,-91.34,11.876603142553837,5.37906992817556,5.377512642247974,5.377823018901839,10,19,330, , , , ,,, , , , ,,, , , , ,,
AL021993,Arlene,22000000,8.846542192203213,60000000,1993-06-20 09:30:00,35,1001.1666666666666,TX,81394.02647897285,305532,27.116666666666667,-97.46666666666668,23.108483921014116,3.8131942494715982,3.8116216253601434,3.8118829557650504,6,9,290, , , , ,,, , , , ,,, , , , ,,
AL051993,Emily,35000000,26.107728273838067,130000000,1993-08-31 22:30:00,100,960.5,NC,81394.02647897285,164705,35.400000000000006,-75.0,36.769877558947925,4.440920283001698,4.439472422883997,4.440194373308988,11,70,15, , , , ,,, , , , ,,, , , , ,,
AL011994,Alberto,500000000,230.85712017393467,1710000000,1994-07-03 15:00:00,55,993.0,FL,85156.09876449488,254338,30.4,-86.5,6.251785532240473,5.433429290254803,3.555341475371018,4.475611287803026,11,55,15, , , , ,,, , , , ,,, , , , ,,
AL031994,Beryl,73000000,47.448701771156045,250000000,1994-08-16 01:30:00,50,999.5,FL,85156.09876449488,180669,30.1,-85.5,-8.980956629382193,2.720943852712506,2.7197884246850923,2.72036548990166,4,9,45, , , , ,,, , , , ,,, , , , ,,
AL121994,Gordon,400000000,84.63881615868168,2060000000,1994-11-16 12:30:00,45,995.5,FL,85156.09876449488,554977,26.45,-81.95,-24.646852110471,4.141258963370043,4.140474626736243,4.140866604405874,8,11,35, , , , ,,, , , , ,,, , , , ,,
AL011995,Allison,1700000,0.6826641633382402,7000000,1995-06-05 14:00:00,60,991.0,FL,88186.26494815963,282385,29.9,-84.4,13.716698602596844,6.129878574078752,8.16455852276914,6.808095632413629,14,0,35, , , , ,,, , , , ,,, , , , ,,
AL041995,Dean,500000,0.0248462447946572,2000000,1995-07-31 01:00:00,40,999.0,TX,88186.26494815963,2281961,29.1,-95.15,22.10159602873014,5.093753060393508,5.090658457767903,5.092203818962611,10,19,300, , , , ,,, , , , ,,, , , , ,,
AL051995,Erin,350000000,51.96162182232086,1190000000,1995-08-02 03:00:00,75,983.0,FL,88186.26494815963,763808,27.4132,-80.275,39.47278896628581,12.831280320370224,3.1568966577451607,7.616211426112844,19,99,295, , , , ,,, , , , ,,, , , , ,,
AL051995,Erin,350000000,96.4908394719565,1050000000,1995-08-03 16:30:00,85,976.0,FL,88186.26494815963,411321,30.375,-87.275,-7.734770354115461,6.1146327507123,6.110700158630422,6.111680793249569,12,0,315, , , , ,,, , , , ,,, , , , ,,
AL111995,Jerry,40600000,2.1590524934977253,150000000,1995-08-23 16:00:00,35,1006.6666666666666,FL,88186.26494815963,2132367,26.845,-80.04346666666666,-39.70908908409369,1.83274073072722,3.2175429529122654,2.7558387751734155,8,0,325, , , , ,,, , , , ,,, , , , ,,
AL171995,Opal,4700000000,1488.7779851387677,16510000000,1995-10-04 22:30:00,110,944.0,FL,88186.26494815963,357987,30.475,-87.02499999999999,-10.297818004716111,11.49786004923928,11.49340582273946,11.494512528965496,22,9,20, , , , ,,, , , , ,,, , , , ,,
AL021996,Bertha,270000000,84.77865655277452,1020000000,1996-07-12 19:30:00,90,974.0,NC,91225.52036601736,349109,34.125,-77.875,19.206198357981314,11.452385665545533,11.447663917485293,11.451196925265485,20,0,20, , , , ,,, , , , ,,, , , , ,,
AL061996,Fran,5000000000,1377.256666705745,18930000000,1996-09-06 00:30:00,100,954.0,NC,91225.52036601736,397959,33.9,-78.0,-45.43501535179902,12.324308797957,8.867144462709101,9.400189979374659,18,22,360, , , , ,,, , , , ,,, , , , ,,
AL101996,Josephine,130000000,51.85520190280522,610000000,1996-10-08 03:30:00,60,983.0,FL,91225.52036601736,274811,30.0,-83.9,22.511074999975555,12.368290581308779,20.35791949050933,19.02271851228231,15,19,35, , , , ,,, , , , ,,, , , , ,,
AL051997,Danny,100000000,14.046539122411874,270000000,1997-07-19 18:30:00,67,986.3333333333334,LA,94657.053466101,752104,30.391683333333333,-87.87498333333333,26.645970233340176,1.430474764855029,1.8712596724219352,1.7795735464793347,2,0,100, , , , ,,, , , , ,,, , , , ,,
AL031998,Charley,50000000,11.565132090253949,120000000,1998-08-22 10:30:00,60,1000.25,TX,98657.99517660437,438215,27.825,-97.175,2.306911453838642,4.384503765534571,4.3827449490980275,4.383183875343924,9,9,290, , , , ,,, , , , ,,, , , , ,,
AL021998,Bonnie,720000000,174.3350483312543,2410000000,1998-08-27 03:00:00,95,963.0,NC,98657.99517660437,418616,34.3201,-77.7383,49.53416691836655,3.303924732499709,2.6494026359967027,3.081277925639582,5,0,50, , , , ,,, , , , ,,, , , , ,,
AL051998,Earl,79000000,36.39989592497342,220000000,1998-09-03 06:00:00,75,987.0,FL,98657.99517660437,219986,30.1,-85.7,4.717802899721765,6.75621323122303,9.41277584632155,8.080176313322523,12,67,55, , , , ,,, , , , ,,, , , , ,,
AL061998,Frances,500000000,121.42309048098775,1090000000,1998-09-11 06:30:00,50,990.1666666666666,TX,98657.99517660437,417385,28.2279,-96.97845,8.274132442131709,4.610394742765128,5.0589961615229795,4.983333399526975,11,0,305, , , , ,,, , , , ,,, , , , ,,
AL071998,Georges,680000000,56.412303576897706,1200000000,1998-09-25 15:00:00,90,981.0,FL,98657.99517660437,1221808,24.4383,-81.7094,3.955805023249808,6.731672082636859,6.360328120367027,6.638631201516942,13,97,285, , , , ,,, , , , ,,, , , , ,,
AL071998,Georges,1630000000,312.5306321279992,3660000000,1998-09-28 11:30:00,90,964.0,MS,98657.99517660437,528643,30.4,-88.9,14.472494106490114,2.685373365501639,0.0,2.2378111379180328,1,0,0, , , , ,,, , , , ,,, , , , ,,
AL131998,Mitch,40000000,7.089949194971631,150000000,1998-11-05 11:00:00,55,989.0,FL,98657.99517660437,571853,26.2,-81.9,-63.942913857349645,11.516337800830573,20.69011826864911,14.563097571937991,32,0,65, , , , ,,, , , , ,,, , , , ,,
AL031999,Bret,60000000,75.78767389493638,120000000,1999-08-23 02:00:00,100,955.0,TX,103696.37129109864,76346,26.933266666666665,-97.5768,-21.25356068128586,2.492202164330643,3.5500821488064447,2.7595142375930473,5,0,285, , , , ,,, , , , ,,, , , , ,,
AL051999,Dennis,157000000,45.3303088354204,390000000,1999-09-04 21:00:00,60,984.0,NC,103696.37129109864,334001,34.8,-76.5,-53.15212829102961,5.244897263446409,3.2659537765875157,4.253830403254243,9,50,310, , , , ,,, , , , ,,, , , , ,,
AL081999,Floyd,6500000000,1417.579753553848,16030000000,1999-09-16 08:00:00,90,958.4,NC,103696.37129109864,442183,34.23896,-77.78886,-21.716469253894655,9.713116710901883,9.38002812864252,9.551607358782096,23,0,25, , , , ,,, , , , ,,, , , , ,,
AL101999,Harvey,15000000,3.103050227674102,37000000,1999-09-21 17:30:00,50,999.0,FL,103696.37129109864,466164,25.9,-81.6,22.318440765549223,5.5667957835781925,5.566795783577403,5.5667953791514995,11,0,90, , , , ,,, , , , ,,, , , , ,,
AL131999,Irene,800000000,55.68655463903319,1940000000,1999-10-15 20:00:00,70,987.0,FL,103696.37129109864,1385403,25.3,-81.1,12.978096341649971,4.160097191787719,6.759331033298759,4.965728661099902,14,0,30, , , , ,,, , , , ,,, , , , ,,
AL112000,Gordon,10800000,5.286213254216268,29000000,2000-09-18 03:30:00,60,992.5,FL,109409.76919099996,186734,29.383333333333333,-83.16666666666667,-34.74702564104143,5.437575708273077,5.436299783059047,5.436511426026157,10,9,20, , , , ,,, , , , ,,, , , , ,,
AL122000,Helene,16000000,2.137043672607792,38000000,2000-09-22 11:30:00,42,1005.5,FL,109409.76919099996,684306,30.416616666666663,-86.66491666666667,20.285746120477157,6.259715650714241,6.194372599263713,6.24868313644808,13,0,35, , , , ,,, , , , ,,, , , , ,,
AL012001,Allison,8500000000,420.63998203764567,21700000000,2001-06-05 21:30:00,50,1003.0,TX,114326.58427557196,1767507,28.966666666666665,-95.3,-5.916030403598503,4.1049876128750915,4.105109978273388,4.105089584040347,8,9,0,175,175,0,30,96756.9303902078,95.0, , , , ,,, , , , ,,
AL032001,Barry,30000000,6.0888213632936,67000000,2001-08-06 05:00:00,60,990.0,FL,114326.58427557196,430964,30.4,-86.3,-11.651356874534788,6.302194529336226,6.711443480337034,6.411199943384299,13,0,340,40,100,50,35,32769.246111248074,56.25, , , , ,,, , , , ,,
AL082001,Gabrielle,230000000,10.27651266732992,570000000,2001-09-14 12:30:00,60,983.8333333333334,FL,114326.58427557196,1957649,27.183733333333336,-82.52578333333332,37.07602761579791,6.578366742115312,6.251854892104501,6.304518320420266,15,14,35, , , , ,,, , , , ,,, , , , ,,
AL062002,Fay,4500000,2.4775846415552,8000000,2002-09-07 09:30:00,50,999.5,TX,118803.97978850856,152881,28.6,-96.4,-14.824244632960664,8.213790367443677,8.203733052414213,8.205400352534111,15,9,310,60, , ,32,12471.192923326016,, , , , ,,, , , , ,,
AL082002,Gustav,100000,0.0402856231193606,0,2002-09-10 21:00:00,55,984.0,NC,118803.97978850856,208939,35.2492,-75.1752,-53.2066289060018,3.186329010959911,4.756499667400928,3.9107839730755782,9,72,15,150,175,100,75,168566.08081917735,125.0, , , , ,,, , , , ,,
AL092002,Hanna,20000000,2.206809025767412,38000000,2002-09-14 14:30:00,50,1002.1666666666666,MS,118803.97978850856,762841,30.33333333333333,-88.46666666666667,-2.779809858325821,5.439184393271952,5.434551058682495,5.438409261326772,11,0,40,62,62, , ,20734.976469405367,, , , , ,,, , , , ,,
AL102002,Isidore,330000000,28.34789196417988,630000000,2002-09-26 07:00:00,55,984.0,LA,118803.97978850856,979856,29.23503333333333,-90.23586666666668,15.682625148788125,4.504223228875464,4.471659504531919,4.482167346832213,12,9,10,250,300,225,250,704606.2178241613,256.25, , , , ,,, , , , ,,
AL132002,Lili,860000000,178.9711685212513,1610000000,2002-10-03 13:30:00,92,964.25,LA,118803.97978850856,404468,29.61585,-92.235625,10.76866087838264,7.387445663433891,7.969456493879741,7.814143181198638,16,9,345,154,146,92,125,179802.02150226044,129.25, , , , ,,, , , , ,,
AL122002,Kyle,5000000,0.6469136698322334,11000000,2002-10-11 15:30:00,35,1009.5,SC,118803.97978850856,650568,32.6523,-79.87672500000001,83.89129204394422,11.375250459117966,9.67798372719665,10.082926710068461,19,11,40,40,20,0,0,2157.64583448547,15.0, , , , ,,, , , , ,,
AL032003,Bill,50000000,15.844871797032203,95000000,2003-06-30 18:30:00,50,997.0,LA,124030.54097018168,254421,29.200000000000003,-91.0,20.765435239792687,6.157680207442102,6.15777227186311,6.157726239652614,11,9,15,125,125,50,50,82597.37960139688,87.5, , , , ,,, , , , ,,
AL042003,Claudette,180000000,95.57297349808388,330000000,2003-07-15 16:30:00,80,981.0,TX,124030.54097018168,151848,28.42,-96.48,-4.919676737734551,8.472562807826911,8.462924563530185,8.466767615288662,16,22,295,120,120,40,73,83285.12921113914,88.25, , , , ,,, , , , ,,
AL132003,Isabel,5500000000,1804.2014917958716,11010000000,2003-09-18 17:30:00,90,957.5,NC,124030.54097018168,245781,35.0,-76.30000000000001,-35.913067733783535,7.98363821210979,7.9797963477850145,7.981714706307032,17,9,325,300,208,192,208,552012.1102947626,227.0, , , , ,,, , , , ,,
AL012004,Alex,4000000,0.8973547954266875,7000000,2004-08-03 14:00:00,85,973.3333333333334,NC,134968.0490482914,330267,34.59133333333333,-76.0248,47.49891424943299,7.701496166998061,8.607062242935658,8.000802090641372,15,46,40,83,90,63,45,53158.99924713576,70.25,45,50,30,25,15170.947273725962,37.5,25,25,20,8,4005.1300802636542,19.5
AL032004,Charley,16000000000,1156.8149618402863,36990000000,2004-08-13 21:00:00,130,944.0,FL,134968.0490482914,1024767,26.9815,-82.0701,-20.968068823431683,10.562273550778208,12.255141066142336,12.124350639246195,19,0,15,40,75,59,45,32041.040642109234,54.75,30,40,35,25,11395.067063376388,32.5,20,20,15,10,2831.9101577621796,16.25
AL032004,Charley,90000000,9.965209311360642,190000000,2004-08-14 14:00:00,70,992.0,SC,134968.0490482914,669153,33.0,-79.4,-3.5291183105153365,11.46856394648306,14.568244859260496,12.43519101833563,30,9,35,75,88,35,35,36491.18517573551,58.25,50,63,8,8,11106.481933013956,32.25, , , , ,,0.0
AL072004,Gaston,130000000,15.44595429389354,240000000,2004-08-29 14:00:00,65,985.0,SC,134968.0490482914,623588,33.0,-79.6,35.85326983424038,3.34346806604243,3.0807040873278235,3.200004823811122,8,0,0,25,55,15,15,7551.760420699145,27.5, , , , ,,0.0, , , , ,,0.0
AL062004,Frances,9800000000,528.4414141792478,19990000000,2004-09-05 04:30:00,95,960.0,FL,134968.0490482914,1374036,27.2,-80.2,27.57289921131487,3.6695808475252907,0.0,1.8347904237626453,10,19,285,175,160,125,160,258917.5001382564,155.0,125,100,83,120,123417.3417325689,107.0,75,60,45,68,41426.800022121024,62.0
AL092004,Ivan,20500000000,1688.600197383426,36910000000,2004-09-16 07:30:00,107,948.0,AL,134968.0490482914,899489,30.3604,-87.87405000000001,-7.397988478002802,7.481635104733064,7.095070146469585,7.212309863264675,15,9,5,208,250,125,97,311647.6672757882,170.0,117,125,93,70,110444.496152725,101.25,84,84,69,47,54057.11932574034,71.0
AL112004,Jeanne,7500000000,460.9989024989244,16800000000,2004-09-26 04:30:00,105,950.75,FL,134968.0490482914,1205398,27.225,-80.3,-45.76611377546158,5.714877132098558,5.712510531466057,5.7131006050497355,11,0,285,180,133,125,150,232796.50025451666,147.0,100,80,63,80,70339.25420422632,80.75,60,53,43,53,29446.47152614045,52.25
AL032005,Cindy,320000000,21.51685745886517,420000000,2005-07-06 03:00:00,65,991.0,LA,146633.53525252297,1014233,29.2,-90.1,-30.2276008808982,7.407424421225044,4.2024943907017835,5.804264889578765,12,67,15,90,90,40,60,52592.61721558333,70.0,30,30,20,25,7416.907556043804,26.25,20,20,0,0,1078.822917242735,10.0
AL042005,Dennis,2500000000,256.6699762101154,3930000000,2005-07-10 20:00:00,110,948.6666666666666,FL,146633.53525252297,664250,30.542266666666663,-87.16676666666666,9.754990413558742,9.458390480790692,8.693379866601335,8.947256057705275,20,0,340,98,146,75,71,101250.22784052377,97.5, , , , ,,0.0, , , , ,,0.0
AL122005,Katrina,125000000000,7620.822042764069,148240000000,2005-08-29 11:30:00,116,922.0,LA,146633.53525252297,1118600,29.384533333333334,-89.6027,-4.0676565631598445,7.811220092894967,7.111868600292866,7.3894929201969894,14,0,0,200,200,150,107,289798.80614432966,164.25,120,120,75,78,104133.382086855,98.25,90,90,60,61,61088.347688869864,75.25
AL162005,Ophelia,70000000,13.278477857159846,130000000,2005-09-15 05:30:00,72,981.6666666666666,NC,146633.53525252297,359515,34.47625,-76.34875,-20.693459612111607,2.732468962321033,2.8863343654160407,2.751532407137952,5,28,60,120,120,100,50,100869.94276219573,97.5,75,75,60,35,40051.300802636535,61.25,35,35,30,25,10518.523443116665,31.25
AL182005,Rita,18500000000,2696.7778599992043,23110000000,2005-09-24 08:30:00,100,939.1666666666666,LA,146633.53525252297,467836,29.85333333333333,-93.78316666666666,13.182892790708731,6.26782319399743,3.0125560626045,5.038778240322822,12,0,335,120,160,120,85,158586.96883468205,121.25,83,73,63,68,55521.62143589735,71.75,53,45,35,45,21360.69376140615,44.5
AL252005,Wilma,19000000000,1825.2838157018195,33410000000,2005-10-24 10:30:00,110,950.0,FL,146633.53525252297,709888,25.9,-81.7,24.209482232532935,12.733774328392697,14.358748759948996,13.540875464693748,21,68,55,200,213,188,150,379864.3373903394,187.75,125,138,100,90,138359.03913638074,113.25,75,85,75,45,52592.61721558333,70.0
AL062006,Ernesto,500000000,11.479840117771085,740000000,2006-08-30 05:00:00,40,1003.0,FL,156640.49689108404,2780546,25.2,-80.7,16.570870654609585,4.8236614375426905,4.15934384368319,4.5079636409764445,8,0,330,90,60,25,25,26363.735040119336,50.0, , , , ,,0.0, , , , ,,0.0
AL092007,Humberto,50000000,2.483161664125588,63000000,2007-09-13 06:30:00,80,985.0,TX,162006.7882901995,1242887,29.55,-94.35,-2.966774940148388,4.090445172875962,4.089590365905167,4.090017534358,8,11,35,50,50,25,25,15170.947273725962,37.5,30,30,0,0,2427.3515637961536,15.0,15,0,0,0,0.0,3.75
AL042008,Dolly,1300000000,86.72816811801741,1940000000,2008-07-23 20:30:00,75,968.0,TX,165608.79744403902,905107,26.4067,-97.4551,-4.126393195521351,3.0818900755776317,2.52272731575553,2.7715617338180256,6,0,275,120,120,45,45,73427.38480483365,82.5,40,40,30,30,13215.580736223505,35.0,30,20,20,20,5394.1145862136755,22.5
AL062008,Fay,560000000,50.63512933989559,830000000,2008-08-19 09:00:00,55,990.0,FL,165608.79744403902,667810,25.9388,-81.5831,43.15730266948129,5.133292287101848,5.025604420297276,5.033701882492032,10,0,25,105,90,30,30,43692.328148330766,63.75,46,46,8,0,6699.490316077384,25.0, , , , ,,0.0
AL072008,Gustav,6000000000,1323.9745584413006,7900000000,2008-09-01 15:00:00,95,954.0,LA,165608.79744403902,273645,29.2,-90.7,5.227850023552344,5.46579649515482,8.79883766471255,7.128218699797298,12,34,315,200,200,140,150,320949.81787971366,172.5,130,100,60,90,97363.76828115684,95.0,70,50,40,40,26700.86720175769,50.0
AL082008,Hanna,160000000,22.33172262063664,270000000,2008-09-06 07:00:00,60,981.0,SC,165608.79744403902,432628,33.8,-78.7,-0.202222758403179,12.590704667257961,12.588202110828206,12.589024681046086,22,28,15,175,175,75,0,117996.25657342414,106.25,60,60,20,0,12945.87500691282,35.0, , , , ,,0.0
AL092008,Ike,30000000000,505.48898378673465,44260000000,2008-09-13 09:00:00,95,953.0,TX,165608.79744403902,3583655,29.6927,-94.9182,-19.60015125618069,6.722016113219981,6.722628694184249,6.71834493883697,13,14,335,225,200,125,125,306790.2670909027,168.75,150,160,80,75,145775.94669242456,116.25,110,90,55,45,60076.9512039548,75.0
AL012010,Alex,10000000,0.4894009550305145,15000000,2010-07-01 02:00:00,95,946.0,TX,162837.88582090047,1254815,24.2,-97.7,-11.523814336002635,5.847869406849024,5.644105328944802,5.734352650288003,10,0,260,180,180,120,113,237071.33606409104,148.25,86,86,53,45,49110.716250182406,67.5,43,28,14,14,6456.755159697769,24.75
AL072010,Earl,18000000,2.9168979794701824,22000000,2010-09-03 08:30:00,85,956.6666666666666,NC,162837.88582090047,378962,35.166333333333334,-73.89691666666667,7.17680556845047,8.7721258375683,9.58632881292248,8.88758280569295,17,163,20,180,180,150,150,293709.5392193346,165.0,100,100,80,80,87384.65629666155,90.0,60,60,50,40,29667.630224175216,52.5
AL102010,Hermine,240000000,12.107366056410145,370000000,2010-09-07 00:00:00,60,991.0,TX,162837.88582090047,1217324,24.9,-97.2,-28.522852557228767,5.848535214107388,6.761945461464666,6.209468228238273,13,0,335,90,60,20,30,26700.86720175769,50.0,20,20,0,0,1078.822917242735,10.0, , , , ,,0.0
AL092011,Irene,13500000000,1924.5798392563545,17160000000,2011-08-27 12:30:00,75,951.8333333333334,NC,166732.56477132198,420705,34.767900000000004,-76.57986666666666,3.169339779431362,4.308293564153973,4.173174107268792,4.195090254131337,10,0,10,225,225,150,125,353988.76972027245,181.25,125,125,90,60,107275.45383332446,100.0,80,80,40,35,37219.39064487436,58.75
AL092012,Isaac,2800000000,183.18656925138956,3430000000,2012-08-29 07:00:00,70,966.0,LA,170672.1929930593,895574,29.15,-90.1,4.85466676029206,3.110952174542637,3.1098206629409852,3.110385980563947,6,9,295,180,150,150,130,249208.0938830718,152.5,90,80,60,40,48547.03127592307,67.5,50,50,0,0,6742.643232767094,25.0
AL182012,Sandy,65000000000,1007.8182761975752,80090000000,2012-10-29 23:30:00,75,945.0,NY,170672.1929930593,3778926,39.4,-74.4,46.65859721040902,8.340142032451203,7.804566665105869,8.233620820907406,14,0,300,460,370,400,490,1994743.5739818169,430.0,150,150,80,50,124064.63548291453,107.5,65,0,0,0,0.0,16.25
AL012014,Arthur,6000000,0.7537375784267999,7000000,2014-07-04 03:30:00,85,972.8333333333334,NC,183312.2748492724,434250,34.75425,-76.54608333333333,-49.80437976910787,8.649954378054998,8.713019229219709,8.70728527598282,17,0,40,110,130,80,60,97363.76828115684,95.0,50,80,50,30,29667.630224175216,52.5,30,35,30,20,8900.289067252563,28.75
AL092016,Hermine,550000000,69.75023390747648,610000000,2016-09-02 05:30:00,70,981.0,FL,187784.7192553353,419911,30.1,-84.1,16.244557777223015,9.633877691233604,13.428850417539609,10.263726540597753,14,0,30,130,150,60,40,97363.76828115684,95.0,40,110,30,20,24543.22136727222,50.0,20,30,0,0,1618.2343758641025,12.5
AL142016,Matthew,10000000000,662.0680804415041,11260000000,2016-10-08 14:30:00,80,966.3333333333334,SC,187784.7192553353,804335,32.916666666666664,-79.56666666666666,6.181934043904019,6.1982993357423055,6.193040638750473,6.19741845721463,13,0,35,190,160,90,140,226552.81262097435,145.0,70,70,60,30,35061.74481038888,57.5,30,25,20,0,3371.321616383547,18.75
AL092017,Harvey,125000000000,11835.082348073538,132690000000,2017-08-26 05:30:00,115,946.1666666666666,TX,194207.32099198853,543842,28.166666666666664,-97.06666666666666,11.46300069719476,2.7430790267171843,2.7419819243814705,2.7428958591179713,5,0,330,120,100,70,70,87114.95056735085,90.0,50,50,30,40,19418.81251036923,42.5,30,25,20,25,6742.643232767094,25.0
AL112017,Irma,50000000000,2315.166600949391,52970000000,2017-09-10 20:00:00,100,936.6666666666666,FL,194207.32099198853,1112044,25.998166666666663,-81.6955,29.5380662573594,6.047192895313007,6.212652030616366,6.154931147536036,12,0,0,330,190,140,220,519722.9403816876,220.0,130,130,80,110,135931.6875725846,112.5,70,60,30,50,29667.630224175216,52.5
AL162017,Nate,225000000,19.74690717006316,230000000,2017-10-08 05:30:00,69,983.8333333333334,MS,194207.32099198853,586702,30.40125,-88.94993333333333,20.873388077034797,8.022033658919247,6.6399358835201285,6.111686861504218,13,0,25,90,100,40,70,59604.9661776611,75.0,40,50,0,0,5394.114586213675,22.5,25,30,0,0,2022.7929698301282,13.75
