ATCF_ID,name,basedamage,ATD,ND,lf_ISO_TIME,lf_wind,lf_pressure,lf_state,WPC,population,lf_lat,lf_lon,Tide_Level
AL011900,Galveston,30000000,2826.090655511229,171510000000,1900-09-09 02:30:00,120,936.0,TX,886.6529425665153,119724,29.171100000000003,-95.20179999999999,7.703109557976869
AL041901,Storm 4 in 1901,1000000,28.612072653716965,830000000,1901-08-14 20:30:00,75,973.0,LA,941.5700460726042,371192,29.266666666666666,-89.63333333333333,-3.7219029915197877
AL031903,Storm 3 in 1903,670000,1394.1937382181525,7410000000,1903-09-11 23:00:00,75,976.0,FL,1054.9052024336913,4556,26.1,-80.1,-28.694650599258697
AL031903,Storm 3 in 1903,0,0.0,0,1903-09-13 21:00:00,80,988.0,FL,1054.9052024336913,25018,29.7989,-85.4572,-11.237284336792932
AL021904,Storm 2 in 1904,1000000,62.6981619526595,640000000,1904-09-14 13:30:00,70,,SC,1025.2460315789378,155567,33.2666,-79.275275,25.66465041286383
AL061906,Storm 6 in 1906,4000000,298.2623372670526,2970000000,1906-09-27 12:00:00,95,958.0,MS,1191.4689132099377,112559,30.4,-88.7,23.224142170314924
AL081906,Storm 8 in 1906,200000,184.61067540137796,2140000000,1906-10-18 11:30:00,105,953.0,FL,1191.4689132099377,9093,25.15,-80.8,-2.1158781484792124
AL041909,Valasco,2000000,194.60548459859612,2210000000,1909-07-21 17:00:00,100,960.0833333333334,TX,1168.3371450947238,87964,28.9,-95.3,10.638132329242241
AL091909,Grand Isle,5000000,297.83653900710067,1400000000,1909-09-21 00:00:00,100,952.0,LA,1168.3371450947238,143689,29.5,-91.3,-14.358553922532208
AL111909,Storm 10 in 1909,1000000,833.206886224298,8980000000,1909-10-11 20:00:00,100,957.0,FL,1168.3371450947238,10273,25.107933333333335,-80.3044,-11.721781631001384
AL051910,Storm 5 in 1910,500000,335.5484491902991,5150000000,1910-10-18 06:00:00,100,955.0,FL,1186.5024934051332,12559,26.5,-82.0,33.47555077951721
AL031911,Storm 3 in 1911,1000000,45.66036528226898,420000000,1911-08-28 10:00:00,85,972.0,SC,1200.2542793401863,182468,32.2,-80.7,-104.59599096473163
AL041913,Storm 4 in 1913,3000000,216.9694403043206,1930000000,1913-09-03 09:00:00,75,976.0,NC,1320.5572663335856,104705,34.7499,-76.7447,-78.34287225978677
AL021915,Galveston,50000000,2215.050839550926,121200000000,1915-08-17 07:00:00,115,940.0,TX,1261.784595225527,178896,29.2,-95.1,-22.87579917843218
AL061915,New Orleans,13000000,327.8183817394035,2980000000,1915-09-29 19:30:00,112,945.0,LA,1261.784595225527,314286,29.27495,-90.3015,-25.473775370205868
AL021916,Storm 2 in 1916,3000000,136.4392902750071,1800000000,1916-07-05 21:00:00,105,950.0,AL,1596.9900273725216,137683,30.4,-88.4,3.641560778969911
AL061916,Storm 6 in 1916,1800000,379.66931501666306,2460000000,1916-08-18 22:30:00,115,934.0,TX,1596.9900273725216,29687,27.05,-97.5,-4.972760604026282
AL011918,Storm 1 in 1918,5000000,326.9563049608164,420000000,1918-08-06 18:00:00,105,955.0,LA,2379.4074559463406,64270,29.8,-93.2,19.126750461498265
AL021919,Storm 2 in 1919,2000000,157.98252371342218,600000000,1919-09-09 17:30:00,127,927.0,FL,2445.8116089615305,51760,24.08915,-81.23333333333333,-13.86868529026634
AL021919,Storm 2 in 1919,20000000,2386.6404269939435,18460000000,1919-09-14 22:00:00,100,950.0,TX,2445.8116089615305,34263,27.266666666666666,-97.53333333333333,-1.846044343783002
AL021920,Storm 2 in 1920,1450000,50.03750064780659,1020000000,1920-09-22 01:30:00,85,976.0,LA,2723.63836530902,106395,29.225675000000003,-90.868975,-6.350502421583336
AL061921,Tampa Bay,3000000,82.19725461256132,5660000000,1921-10-25 20:00:00,100,958.0,FL,2224.5391201393195,164068,28.1,-82.8,-23.73099801974153
AL011926,Storm 1 in 1926,3051000,153.34983897481666,7190000000,1926-07-28 06:30:00,90,967.0,FL,2616.7619274768517,76032,28.564316666666667,-80.53265,-14.287873825858188
AL031926,Storm 3 in 1926,7000000,257.3448593403224,1750000000,1926-08-25 22:30:00,100,955.0,LA,2616.7619274768517,103949,29.136725,-90.89240000000001,4.4791923722451035
AL071926,Great Miami,76000000,3931.3672757291924,242750000000,1926-09-18 12:00:00,125,930.0,FL,2616.7619274768517,73876,25.6,-80.3,12.218222029495907
AL071926,Great Miami,29000000,622.7956482928042,13200000000,1926-09-20 21:00:00,100,954.9038461538462,AL,2616.7619274768517,177946,30.3035,-87.4335,-14.150724235945937
AL041928,Lake Okeechobee,25000000,1799.1048045305665,63830000000,1928-09-17 00:00:00,127,929.0,FL,2717.6393464388543,51132,26.7,-80.0,8.431934470290908
AL011929,Storm 1 in 1929,675000,44.3500487706007,110000000,1929-06-28 21:30:00,80,982.5,TX,2716.6510773068158,56024,28.383333333333333,-96.51666666666667,11.302093229876553
AL021929,Storm 2 in 1929,100000,2.980002535237709,170000000,1929-09-28 15:30:00,100,949.0714285714286,FL,2716.6510773068158,123523,25.09166666666667,-80.74708333333334,-2.024621045037231
AL021929,Storm 2 in 1929,200000,13.97390053109235,220000000,1929-10-01 03:30:00,70,974.7857142857143,FL,2716.6510773068158,52684,30.157899999999998,-85.75475,-4.098778169209101
AL021932,Freeport,7500000,216.72443276715646,12650000000,1932-08-14 04:00:00,130,935.0,TX,2012.821231062274,171929,29.0,-95.2,-26.57429477952822
AL061933,Storm 8 in 1933,27000000,1109.9609360963527,7410000000,1933-08-23 11:00:00,81,964.5,NC,2116.317925053704,114941,35.95,-75.69999999999999,4.023446186475298
AL111933,Storm 12 in 1933,1000000,57.33778862426957,2720000000,1933-09-04 05:00:00,110,948.0,FL,2116.317925053704,82410,26.9,-80.1,-35.26124638897179
AL081933,Storm 11 in 1933,16900000,490.2068652876139,9210000000,1933-09-05 04:30:00,110,940.0,TX,2116.317925053704,162902,26.1,-97.275,-14.763129844009484
AL121933,Storm 13 in 1933,4750000,197.4675619300387,1770000000,1933-09-16 14:30:00,90,952.8333333333334,NC,2116.317925053704,113662,35.56875,-75.27108333333334,-32.313428332562985
AL011934,Storm 2 in 1934,2605000,80.25505940939703,710000000,1934-06-16 19:00:00,85,966.0,LA,2151.243230422581,150885,29.7,-91.7,-1.5702084170196828
AL031934,Storm 3 in 1934,1500000,67.00255990388837,640000000,1934-07-25 18:00:00,75,979.0,TX,2151.243230422581,104066,28.1,-97.0,-9.86517903462753
AL031935,Labor Day,5000000,128.62185214560603,2320000000,1935-09-03 06:30:00,160,899.4659090909091,FL,2165.4810697068197,179515,25.146533333333334,-81.13974999999999,23.28135570915194
AL031935,Labor Day,1000000,97.32968894092332,330000000,1935-09-04 22:30:00,85,965.484375,FL,2165.4810697068197,47446,29.675,-83.4,10.070085543114683
AL071935,Storm 6 in 1935,5500000,107.36707994363495,10420000000,1935-11-04 18:00:00,85,973.0,FL,2165.4810697068197,236558,25.9,-80.1,30.089810094288406
AL031936,Storm 3 in 1936,550000,19.750989714587952,190000000,1936-06-27 17:00:00,70,987.0,TX,2369.3059033710147,117531,28.0,-97.15,-11.77873340961958
AL051936,Storm 5 in 1936,123000,4.561597457798956,110000000,1936-07-31 14:00:00,90,964.0,FL,2369.3059033710147,113806,30.4,-86.6,26.369661293452992
AL131936,Storm 13 in 1936,1600000,22.474081084854486,940000000,1936-09-18 12:00:00,85,965.0,NC,2369.3059033710147,300481,35.9,-74.8,34.2094127040711
AL031938,Storm 2 in 1938,245000,6.909449358335176,31000000,1938-08-15 01:00:00,65,,LA,2475.205625956958,143256,29.8,-93.4,4.790611588543623
AL061938,New England,306000000,121.47743863175633,60680000000,1938-09-21 20:00:00,105,941.0,NY,2475.205625956958,10176877,40.7,-72.9,46.776237634504966
AL021940,Storm 2 in 1940,9000000,162.78706322336194,1370000000,1940-08-07 20:30:00,85,972.0,TX,2697.506849729795,204956,29.683333333333334,-94.05,-4.300353103941477
AL031940,Storm 3 in 1940,7000000,131.30582313906174,1930000000,1940-08-11 20:30:00,85,972.5,SC,2697.506849729795,197629,32.106899999999996,-80.8845,99.87138279002819
AL021941,Storm 2 in 1941,7000000,251.78699806032665,3820000000,1941-09-23 22:00:00,110,989.0,TX,3050.9287716825816,91124,28.8,-95.6,17.625620870321963
AL051941,Storm 5 in 1941,337500,3.493659260505357,210000000,1941-10-06 11:00:00,85,986.7916666666666,FL,3050.9287716825816,316637,25.5,-80.3,0.5701150152372155
AL051941,Storm 5 in 1941,337500,15.493439998970347,100000000,1941-10-07 09:00:00,80,982.0,FL,3050.9287716825816,71399,29.9,-84.6,23.900813721797427
AL021942,Storm 1 in 1942,601000,4.944246336432664,280000000,1942-08-21 13:30:00,67,,TX,3445.0541302091024,352840,29.549075000000002,-94.650025,-7.602249771482885
AL031942,Storm 2 in 1942,26500000,1147.8869877574205,3090000000,1942-08-30 09:30:00,100,950.3333333333334,TX,3445.0541302091024,67012,28.383333333333333,-96.69999999999999,-18.730031788528297
AL011943,Storm 1 in 1943,16550000,127.3202335140064,6620000000,1943-07-27 18:00:00,90,967.0,TX,3780.194384923101,343864,29.5,-94.6,7.753739081902265
AL031944,Storm 3 in 1944,2000000,27.015019961437822,520000000,1944-08-01 23:00:00,70,985.0,NC,4002.976943141832,184945,33.9,-78.1,72.1652941789176
AL071944,Storm 7 in 1944,10000000,208.02521675665858,11200000000,1944-09-14 15:00:00,105,943.0,NC,4002.976943141832,120088,35.7246,-75.1371,-34.38185033461071
AL071944,Storm 7 in 1944,90000000,155.74469096553952,13730000000,1944-09-15 02:00:00,90,954.0,NY,4002.976943141832,1443598,40.9,-72.2,-13.716425811619454
AL131944,Storm 11 in 1944,63000000,728.49294279065,78840000000,1944-10-19 07:00:00,95,962.0,FL,4002.976943141832,216039,27.2,-82.5,10.97503731864956
AL131944,Storm 11 in 1944,37000000,326.0564528435125,6150000000,1944-10-19 22:00:00,60,978.6666666666666,SC,4002.976943141832,283482,30.743266666666667,-81.49973333333334,-55.698009486689614
AL051945,Storm 5 in 1945,20000000,690.8601849985452,2830000000,1945-08-27 15:00:00,100,964.0,TX,4272.9117832027905,67751,28.4076,-96.4926,2.7825271934438955
AL091945,Storm 9 in 1945,60000000,383.2406447849672,20380000000,1945-09-15 19:30:00,115,949.0,FL,4272.9117832027905,366400,25.3,-80.3,-1.4189939526018902
AL061946,Storm 5 in 1946,5200000,26.210056486706897,1700000000,1946-10-08 02:00:00,75,980.0,FL,4943.1002411785885,401362,27.5,-82.6,2.785321526105235
AL071946,Storm 6 in 1946,7000000,76.96883621410544,5990000000,1946-11-01 21:30:00,40,1002.0,FL,4943.1002411785885,183986,26.5201,-80.0227,-0.31968435942230383
AL031947,Storm 3 in 1947,200000,0.7231530985510258,47000000,1947-08-24 22:30:00,70,984.0,TX,5602.736494456242,493628,29.225,-94.92500000000001,-18.88952498827878
AL041947,Storm 4 in 1947,31000000,113.25525376383239,21770000000,1947-09-17 16:30:00,115,943.0,FL,5602.736494456242,488543,26.1,-80.1,34.702965036405715
AL041947,Storm 4 in 1947,79000000,205.5904001851886,2830000000,1947-09-19 14:30:00,95,966.0,LA,5602.736494456242,685842,29.65795,-89.6426,34.889269270819184
AL061947,Storm 6 in 1947,100000,2.9461510767169896,45000000,1947-09-23 22:30:00,55,987.4375,FL,5602.736494456242,60582,28.881500000000003,-82.70625,-42.91389422818336
AL071947,Storm 7 in 1947,100000,0.5760248301123713,22000000,1947-10-07 04:00:00,50,,FL,5602.736494456242,309855,30.8,-81.5,23.284185982073772
AL091947,Storm 8 in 1947,20000000,135.1281592126333,6640000000,1947-10-12 02:30:00,80,975.0875,FL,5602.736494456242,264170,25.4481,-81.08680000000001,17.2252682133177
AL091947,Storm 8 in 1947,3000000,22.744468520212365,350000000,1947-10-15 12:30:00,90,966.0,GA,5602.736494456242,235421,31.789166666666667,-81.26075,117.99382858101677
AL051948,Storm 5 in 1948,900000,4.848028129540422,44000000,1948-09-04 08:00:00,70,983.5,LA,5887.568113154792,315313,29.269750000000002,-90.39985,-2.5869913521851933
AL081948,Storm 7 in 1948,12000000,2328.8693061727517,5890000000,1948-09-22 05:00:00,115,940.0,FL,5887.568113154792,8752,25.8,-81.3,7.432386462277481
AL091948,Storm 8 in 1948,5500000,23.115321278428542,1150000000,1948-10-05 20:30:00,90,980.4,FL,5887.568113154792,404135,25.192950000000003,-80.81705,-12.379375083743732
AL021949,Storm 2 in 1949,52000000,431.144364992759,25900000000,1949-08-26 23:30:00,115,954.0,FL,5883.180952891654,205007,26.6,-80.05,-2.9206745752028724
AL111949,Storm 10 in 1949,6700000,106.80150331445564,1380000000,1949-10-04 05:00:00,95,965.0,TX,5883.180952891654,106631,28.8,-95.6,-1.3308168327878755
AL051950,Easy,3300000,10.219996719294903,2380000000,1950-09-04 12:00:00,85,973.0,FL,6456.8444924975665,500084,27.7,-83.5,5.31073520307867
AL111950,King,28000000,73.52967060352489,7220000000,1950-10-18 05:00:00,115,955.0,FL,6456.8444924975665,589760,25.7,-80.2,7.018789594617346
AL091951,How,2000000,44.10709557127195,1850000000,1951-10-02 11:00:00,55,992.9375,FL,6985.034383972727,64916,26.75,-82.0,-40.809473403537105
AL021952,Able,2750000,14.010927442306022,210000000,1952-08-31 03:00:00,85,983.0,SC,7260.088943257255,270348,32.3,-80.6,-85.25176992164005
AL031953,Barbara,1000000,11.23453181722808,78000000,1953-08-14 05:00:00,80,980.5833333333334,NC,7437.094600946325,119686,35.4,-76.1,-27.59007986260692
AL091953,Florence,200000,2.3303755695808537,21000000,1953-09-26 16:00:00,80,968.0,FL,7437.094600946325,115399,30.433333333333334,-86.16666666666667,-25.483880116617815
AL061954,Carol,227500,2.2982370215176546,42000000,1954-08-31 01:00:00,97,959.3333333333334,NC,7624.806793479933,129825,34.55816666666667,-75.77276666666667,38.84622173073584
AL061954,Carol,460000000,331.44653677694896,24920000000,1954-08-31 14:00:00,100,955.0,NY,7624.806793479933,1820185,40.9,-72.2,47.85642139874036
AL081954,Edna,40000000,14.439932924224445,4010000000,1954-09-11 19:00:00,97,952.0,MA,7624.806793479933,3633005,41.7,-70.3,-89.09912501695294
AL141954,Hazel,281000000,2069.242957473319,36450000000,1954-10-15 15:30:00,115,938.0,SC,7624.806793479933,178101,33.9,-78.6,96.29328334043717
AL021955,Connie,40000000,274.789028981621,2710000000,1955-08-12 16:00:00,85,962.0,NC,8134.321585236724,178953,34.800000000000004,-76.66666666666667,-25.59737790441297
AL031955,Diane,200000000,1286.7247438411528,21960000000,1955-08-17 12:30:00,62,985.3333333333334,NC,8134.321585236724,191083,34.08416666666667,-77.94416666666667,55.074032744042356
AL031955,Diane,600000000,57.56395904333729,31030000000,1955-08-19 07:00:00,40,1000.3333333333334,NY,8134.321585236724,12813839,40.5358,-74.25736666666667,-101.80581409915891
AL081955,Ione,88035000,612.9573180201901,8410000000,1955-09-19 11:30:00,92,955.0,NC,8134.321585236724,176565,34.75,-76.7,-1.5267928069182277
AL071956,Flossy,25000000,200.24731366851572,2060000000,1956-09-24 23:30:00,80,974.1666666666666,LA,8679.65355098353,143837,30.35955,-86.49623333333334,2.527709624162205
AL021957,Audrey,150000000,544.1961581662082,4750000000,1957-06-27 13:30:00,110,946.0,TX,8974.508681994934,307132,29.8,-93.7,14.248799994983278
AL061957,Esther,1500000,10.77110766878593,73000000,1957-09-18 12:00:00,55,1000.6666666666666,LA,8974.508681994934,155174,29.2,-90.9,17.93054348397622
AL081958,Helene,11200000,58.9963465121442,740000000,1958-09-27 17:00:00,120,938.0,NC,9115.601725038898,208261,33.7665,-77.7919,-53.563602625256856
AL011959,Arlene,500000,3.0264005531824636,15000000,1959-05-30 22:30:00,55,993.0,LA,9323.660588268503,177197,29.650000000000002,-91.6,12.157932284864724
AL031959,Not Named 1959,1656000,2.5148688176460414,130000000,1959-06-18 08:00:00,40,1002.0,FL,9323.660588268503,706250,28.0,-82.8,-13.395214967507368
AL051959,Debra,7000000,12.818755129789109,620000000,1959-07-25 05:00:00,75,980.0,TX,9323.660588268503,585687,29.1,-95.2,-2.8326990109425827
AL081959,Gracie,14000000,61.505881629143,710000000,1959-09-29 17:30:00,115,951.0,SC,9323.660588268503,244132,32.5,-80.5,-75.65974471947484
AL011960,Not Named 1960,3600000,17.185833310683545,130000000,1960-06-24 05:30:00,50,1000.0,TX,9442.354503208682,221846,27.125,-97.475,-16.686640756364344
AL031960,Brenda,5000000,141.13002141115996,500000000,1960-07-29 06:00:00,45,1000.0,FL,9442.354503208682,37521,29.7,-83.5,-12.90229774375578
AL051960,Donna,300000000,573.418095577644,73410000000,1960-09-10 10:30:00,125,936.0,FL,9442.354503208682,554076,25.143050000000002,-81.1876,38.232628753897565
AL051960,Donna,56500000,295.66504911153027,3750000000,1960-09-12 04:30:00,90,958.5,NC,9442.354503208682,202380,34.725,-77.15,34.519445156054694
AL051960,Donna,30000000,10.92463336597714,1100000000,1960-09-12 19:30:00,85,960.5,NY,9442.354503208682,2908266,41.0,-72.65,63.555938760145935
AL061960,Ethel,1060000,5.701300208755565,45000000,1960-09-15 21:00:00,70,980.0,MS,9442.354503208682,196903,30.4,-89.0,-22.647824230899825
AL031961,Carla,325000000,3727.772208135629,22270000000,1961-09-11 22:00:00,125,936.6666666666666,TX,9631.439736151784,90520,28.375,-96.65673333333334,17.315481906343685
AL051961,Esther,6000000,2.855439490562482,380000000,1961-09-21 21:00:00,105,982.5,MA,9631.439736151784,2181660,40.9372,-70.4446,55.52915208361326
AL011962,Alma,1000000,6.230861111118689,58000000,1962-08-28 08:30:00,65,990.6666666666666,NC,9905.139610911623,162028,34.52641666666666,-76.09966666666666,7.8548681041233674
AL041962,Daisy,1100000,17.22391072043809,32000000,1962-10-08 01:00:00,65,975.0,ME,9905.139610911623,64476,43.605133333333335,-66.25663333333334,-69.76403409594164
AL041963,Cindy,12560000,27.927103373341915,410000000,1963-09-17 14:00:00,65,996.7777777777778,TX,10152.139461172737,443002,29.558333333333334,-94.4052,-3.726735731182641
AL031964,Abby,750000,6.439384487053286,46000000,1964-08-07 21:30:00,55,1000.0,TX,10656.655916051423,109294,28.716416666666667,-95.69991666666667,-3.005672577918046
AL051964,Cleo,128500000,91.8853006460138,8750000000,1964-08-27 10:30:00,90,970.0,FL,10656.655916051423,1312309,26.1,-80.12135,-38.26668673895166
AL061964,Dora,250000000,429.233094443948,22720000000,1964-09-10 05:00:00,97,965.6666666666666,FL,10656.655916051423,546545,29.883233333333333,-81.27586666666667,42.298160588410795
AL101964,Hilda,125000000,593.5620762618488,3620000000,1964-10-04 00:30:00,97,959.0,LA,10656.655916051423,197616,29.657500000000002,-91.57418333333332,-8.385660078883333
AL111964,Isbell,10000000,555.3566884612293,1120000000,1964-10-14 21:00:00,110,970.0,FL,10656.655916051423,16897,25.7274,-81.3521,-33.400193930650964
AL031965,Betsy,139300000,156.807194393319,3500000000,1965-09-08 13:30:00,110,951.0,FL,11225.282613058082,791385,25.14255,-81.06739999999999,-5.6932422616524185
AL031965,Betsy,1280500000,1633.0845376383077,17750000000,1965-09-10 04:30:00,135,946.0,LA,11225.282613058082,698512,29.26775,-90.32464999999999,-11.393766469423522
AL051965,Debbie,25000000,83.79225172148017,700000000,1965-09-30 00:00:00,30,1004.0,MS,11225.282613058082,265790,30.0,-88.9,-10.189571901256626
AL011966,Alma,10050000,67.1444979998047,1120000000,1966-06-09 20:00:00,80,979.6666666666666,FL,12049.400047813058,124220,29.9098,-84.4982,15.553579087548332
AL091966,Inez,5000000,3.508365432556059,120000000,1966-10-04 17:30:00,75,984.1666666666666,FL,12049.400047813058,1182769,25.02625,-80.43208333333334,18.970366215807758
AL131967,Beulah,200000000,495.0416575698937,7010000000,1967-09-20 09:00:00,140,931.0,TX,12859.744807599416,314164,25.5299,-97.0078,4.833402385731458
AL011968,Abby,450000,1.307016674675687,56000000,1968-06-04 11:30:00,57,992.0,FL,14010.31158932974,245744,26.80838333333333,-82.16681666666666,6.235605930812306
AL031968,Candy,3000000,7.385689021620328,65000000,1968-06-23 23:00:00,60,999.3333333333334,TX,14010.31158932974,289923,27.978333333333335,-97.09753333333333,-12.381615424733596
AL141968,Gladys,6700000,29.935832306205405,1170000000,1968-10-19 05:00:00,70,977.6666666666666,FL,14010.31158932974,159748,28.784766666666666,-82.62203333333333,26.19294869352723
AL091969,Camille,1421000000,1375.3615533481156,28520000000,1969-08-18 04:00:00,150,900.0,LA,15151.231157761831,681913,30.3,-89.4,-26.170574722546267
AL041970,Celia,454000000,819.8729404657537,9050000000,1970-08-03 21:30:00,110,947.5,TX,16299.75279025205,339726,27.84975,-97.16883333333332,-8.123036871920114
AL091971,Doria,147350000,308.37967024853816,3420000000,1971-08-27 18:30:00,55,989.1666666666666,NC,17675.692852878296,270326,34.94156666666667,-76.78444999999999,-70.71221655151089
AL111971,Fern,30230000,128.822467660071,690000000,1971-09-10 17:00:00,60,979.0,TX,17675.692852878296,132761,28.3408,-96.42416666666666,-23.77500487343498
AL131971,Edith,25000000,73.35330315647677,380000000,1971-09-16 13:00:00,85,978.0,LA,17675.692852878296,192816,29.661433333333335,-92.85443333333333,1.9345121316966072
AL141971,Ginger,10000000,20.754700785452314,270000000,1971-09-30 23:00:00,62,989.6666666666666,NC,17675.692852878296,272588,34.676633333333335,-76.91673333333334,21.418254809009746
AL021972,Agnes,100000000,443.21613358247134,1950000000,1972-06-19 21:00:00,65,984.0,FL,19190.278386463662,117572,30.065,-85.43,-10.220796452235996
AL021972,Agnes,2000000000,62.85928046116666,24490000000,1972-06-22 19:30:00,57,980.0,NY,19190.278386463662,16579801,40.6092,-73.65305000000001,45.40846553886593
AL111972,Carrie,1780000,14.995890766525463,39000000,1972-09-04 11:30:00,50,998.2291666666666,MA,19190.278386463662,61854,44.6383,-67.58361666666667,131.7897231476406
AL101973,Delia,18000000,8.179003071131,480000000,1973-09-05 02:00:00,55,986.8888888888889,TX,21497.69509151218,1023718,29.0368,-95.23526666666667,0.05775749039560796
AL021974,Subtrop 1 1974,10000000,2.6130074665059264,180000000,1974-06-25 07:30:00,50,1000.0,FL,25253.158047293553,1515457,27.8189,-82.76315,14.330489951438455
AL101974,Carmen,150000000,247.23799068540725,1530000000,1974-09-08 04:30:00,130,937.0,LA,25253.158047293553,240248,29.23615,-91.16015,11.080844823569985
AL131975,Eloise,490000000,1038.0563867403328,8500000000,1975-09-23 12:30:00,110,957.1666666666666,FL,27066.269718169642,174400,30.42445,-86.2544,-12.232679798445988
AL071976,Belle,100000000,2.1183575735988454,720000000,1976-08-10 05:00:00,70,982.0,NY,29224.70951826347,16152901,40.648266666666665,-73.30993333333333,-57.38928607685747
AL061977,Babe,10000000,12.252458404195995,88000000,1977-09-05 10:00:00,65,996.3333333333334,LA,32291.21744617299,252751,29.253333333333334,-91.23693333333333,15.068658385750405
AL041978,Amelia,20000000,13.02139555804733,280000000,1978-07-30 21:00:00,45,1005.0,TX,36098.17229561291,425488,26.0401,-97.1998,-19.232272119591297
AL041979,Bob,20000000,13.96063859826861,90000000,1979-07-11 12:30:00,65,986.5,LA,41044.2191678587,349038,29.255833333333335,-90.56418333333333,20.446242647419506
AL061979,Claudette,400000000,271.44861485111636,2020000000,1979-07-24 19:00:00,45,999.3333333333334,TX,41044.2191678587,359021,29.736633333333334,-93.8951,13.493890549496744
AL121979,Elena,10000000,14.858244553160928,110000000,1979-09-01 14:00:00,35,1008.0,TX,41044.2191678587,163976,28.666666666666668,-95.81513333333334,9.279095453519107
AL091979,David,160000000,50.73822971039715,2270000000,1979-09-03 17:00:00,85,972.0,FL,41044.2191678587,768303,27.055033333333334,-80.10496666666667,-41.703513250853426
AL091979,David,160000000,101.15849986169236,1570000000,1979-09-04 18:30:00,82,970.1666666666666,GA,41044.2191678587,385359,31.587083333333332,-81.19798333333334,-92.90456928944583
AL111979,Frederic,2300000000,888.0809227134671,17170000000,1979-09-13 04:00:00,115,951.6666666666666,AL,41044.2191678587,630991,30.4284,-88.3382,7.8044022343324375
AL041980,Allen,300000000,131.3377548748547,3040000000,1980-08-10 07:00:00,105,947.3333333333334,TX,46045.68648287857,496070,26.192533333333333,-97.33743333333334,3.1271896651430624
AL101981,Dennis,25000000,5.893051407934654,210000000,1981-08-17 07:00:00,35,999.0,FL,50162.16827240793,845714,25.2975,-81.1975,62.277981628824826
AL021982,Subtrop 1 1982,10000000,6.474162535696907,84000000,1982-06-18 12:30:00,50,998.3333333333334,FL,52397.3163148421,294786,28.931683333333332,-82.58435,-16.548115157326365
AL051982,Chris,2000000,0.9681922186344664,3000000,1982-09-11 11:30:00,55,994.1666666666666,LA,52397.3163148421,394239,29.728333333333335,-93.82038333333333,15.647198994872943
AL031983,Alicia,3000000000,284.4001793265315,22330000000,1983-08-18 07:30:00,100,962.25,TX,53870.34689949775,1958130,29.1734,-95.143425,-27.27207819252038
AL101984,Diana,65000000,35.83726389948272,620000000,1984-09-13 08:00:00,80,981.0,NC,56479.01384975929,321138,33.9096,-78.0771,-64.60898163059396
AL151984,Isidore,1000000,0.09056236372153127,8000000,1984-09-27 14:00:00,50,1000.0,FL,56479.01384975929,1955083,26.7048,-80.01833333333333,62.945042491541905
AL021985,Bob,20000000,6.266891753831851,190000000,1985-07-25 03:30:00,65,1003.1666666666666,SC,59121.78309979624,539797,32.31666666666667,-80.53333333333333,17.509283482418518
AL041985,Danny,50000000,41.2473498404054,200000000,1985-08-15 16:30:00,80,987.0,LA,59121.78309979624,205034,29.6,-92.7,21.0396557116093
AL051985,Elena,1250000000,530.1040629169112,5360000000,1985-09-02 13:00:00,102,959.0,MS,59121.78309979624,398842,30.4,-89.2,2.1026378185724997
AL091985,Gloria,100000000,116.92356520090085,660000000,1985-09-27 06:00:00,90,942.0,NC,59121.78309979624,144661,35.5,-75.5,41.04814001619405
AL091985,Gloria,800000000,10.077914618911528,3260000000,1985-09-27 16:30:00,85,961.75,NY,59121.78309979624,13426777,40.925,-73.175,71.10620901042473
AL121985,Juan,1500000000,836.3314421070627,6140000000,1985-10-29 11:00:00,67,974.0,LA,59121.78309979624,303365,29.5,-91.4,14.066469010637707
AL131985,Kate,300000000,317.2298061238523,1800000000,1985-11-21 22:30:00,85,967.0,FL,59121.78309979624,159956,30.0,-85.4,1.404145993385054
AL021986,Bonnie,2000000,0.5236338854788897,7000000,1986-06-26 10:00:00,75,990.0,TX,62517.50227477638,610943,29.6,-94.2,-5.4823744804619
AL051986,Charley,15000000,7.79277459958692,79000000,1986-08-17 14:30:00,65,989.5,NC,62517.50227477638,307891,34.78205,-76.4671,65.27302533807186
AL031987,Unnamed,7400000,0.835415685786429,27000000,1987-08-10 06:00:00,40,1009.0,TX,65776.24226352005,1346666,29.5,-94.5,-29.587632603551224
AL131987,Floyd,500000,0.030219097596774575,1000000,1987-10-12 21:00:00,65,993.0,FL,65776.24226352005,2515472,25.1,-80.5,-7.297026383360935
AL021988,Beryl,3000000,0.3416128811484946,3000000,1988-08-09 07:00:00,45,1001.0,LA,69377.42031575814,1265811,29.690966666666668,-89.64723333333333,-29.45339428472234
AL031988,Chris,500000,0.17816757876800388,3000000,1988-08-28 15:30:00,45,1005.1666666666666,GA,69377.42031575814,404504,32.13333333333333,-80.93333333333334,63.789178212380044
AL071988,Florence,2920000,0.3315624714384903,2000000,1988-09-10 02:30:00,70,984.0,LA,69377.42031575814,1269402,29.184150000000002,-89.32634999999999,-10.251468873193426
AL081988,Gilbert,50000000,11.491505926132222,290000000,1988-09-16 21:00:00,115,953.0,TX,69377.42031575814,627155,24.1105,-97.5983,-10.957932453293727
AL121988,Keith,3000000,0.22006204186464923,16000000,1988-11-23 07:00:00,55,995.0,FL,69377.42031575814,1964979,27.3,-82.6,-17.600361249138636
AL021989,Allison,500000000,352.99691287835174,2710000000,1989-06-26 13:30:00,41,1001.75,TX,72732.60114719042,194747,28.742425,-95.7,11.59389837343522
AL041989,Chantal,100000000,13.423354297145693,390000000,1989-08-01 12:30:00,70,985.0,TX,72732.60114719042,1024259,29.55,-94.35,24.64305011984745
AL111989,Hugo,7000000000,1780.8852549838095,27430000000,1989-09-22 04:30:00,120,938.5,SC,72732.60114719042,540422,32.974999999999994,-79.925,35.10508599754846
AL141989,Jerry,70000000,4.461320414623858,320000000,1989-10-16 00:30:00,75,983.0,TX,72732.60114719042,2157275,29.2,-95.0,-6.650355359773375
AL151990,Marco,57000000,3.0445966467314958,290000000,1990-10-11 11:30:00,52,993.5,FL,75416.99809338045,2482423,27.432083333333335,-82.78081666666667,16.670832246807088
AL031991,Bob,1500000000,47.287970558476985,4690000000,1991-08-19 19:00:00,92,966.0,RI,76399.63712381179,4151923,41.8154,-71.10756666666667,36.11523757523631
AL041992,Andrew,24000000000,921.9216306257043,87220000000,1992-08-24 09:00:00,145,922.0,FL,78515.26922567944,3315607,25.4999,-80.28,9.667679840389956
AL041992,Andrew,1000000000,432.6998293769772,3030000000,1992-08-26 06:30:00,122,955.2,LA,78515.26922567944,294347,29.28,-91.34,11.876603142553837
AL021993,Arlene,22000000,8.846542192203213,60000000,1993-06-20 09:30:00,35,1001.1666666666666,TX,81394.02647897285,305532,27.116666666666667,-97.46666666666667,23.108483921014113
AL051993,Emily,35000000,26.107728273838067,130000000,1993-08-31 22:30:00,100,960.5,NC,81394.02647897285,164705,35.400000000000006,-75.0,36.769877558947925
AL011994,Alberto,500000000,230.85712017393467,1710000000,1994-07-03 15:00:00,55,993.0,FL,85156.09876449488,254338,30.4,-86.5,6.251785532240473
AL031994,Beryl,73000000,47.448701771156045,250000000,1994-08-16 01:30:00,50,999.5,FL,85156.09876449488,180669,30.1,-85.5,-8.980956629382193
AL121994,Gordon,400000000,84.63881615868168,2060000000,1994-11-16 12:30:00,45,995.5,FL,85156.09876449488,554977,26.45,-81.95,-24.646852110471002
AL011995,Allison,1700000,0.6826641633382402,7000000,1995-06-05 14:00:00,60,991.0,FL,88186.26494815963,282385,29.9,-84.4,13.716698602596843
AL041995,Dean,500000,0.024846244794657288,2000000,1995-07-31 01:00:00,40,999.0,TX,88186.26494815963,2281961,29.1,-95.15,22.101596028740424
AL051995,Erin,350000000,51.96162182232086,1190000000,1995-08-02 03:00:00,75,983.0,FL,88186.26494815963,763808,27.4132,-80.275,39.47278896628603
AL051995,Erin,350000000,96.4908394719565,1050000000,1995-08-03 16:30:00,85,976.0,FL,88186.26494815963,411321,30.375,-87.275,-7.734770354115427
AL111995,Jerry,40600000,2.1590524934977253,150000000,1995-08-23 16:00:00,35,1006.6666666666666,FL,88186.26494815963,2132367,26.845,-80.04346666666666,-39.70908908409369
AL171995,Opal,4700000000,1488.7779851387675,16510000000,1995-10-04 22:30:00,110,944.0,FL,88186.26494815963,357987,30.475,-87.02499999999999,-10.297818004716111
AL021996,Bertha,270000000,84.77865655277452,1020000000,1996-07-12 19:30:00,90,974.0,NC,91225.52036601737,349109,34.125,-77.875,19.206198357981314
AL061996,Fran,5000000000,1377.256666705745,18930000000,1996-09-06 00:30:00,100,954.0,NC,91225.52036601737,397959,33.9,-78.0,-45.43501535179902
AL101996,Josephine,130000000,51.85520190280522,610000000,1996-10-08 03:30:00,60,983.0,FL,91225.52036601737,274811,30.0,-83.9,22.511074999975555
AL051997,Danny,100000000,14.046539122411874,270000000,1997-07-19 18:30:00,67,986.3333333333334,LA,94657.053466101,752104,30.391683333333333,-87.87498333333333,26.645970233340176
AL031998,Charley,50000000,11.565132090253947,120000000,1998-08-22 10:30:00,60,1000.25,TX,98657.99517660437,438215,27.825,-97.175,2.306911453838642
AL021998,Bonnie,720000000,174.3350483312543,2410000000,1998-08-27 03:00:00,95,963.0,NC,98657.99517660437,418616,34.3201,-77.7383,49.53416691836655
AL051998,Earl,79000000,36.39989592497342,220000000,1998-09-03 06:00:00,75,987.0,FL,98657.99517660437,219986,30.1,-85.7,4.717802899721765
AL061998,Frances,500000000,121.42309048098777,1090000000,1998-09-11 06:30:00,50,990.1666666666666,TX,98657.99517660437,417385,28.227899999999998,-96.97845000000001,8.274132442131709
AL071998,Georges,680000000,56.412303576897706,1200000000,1998-09-25 15:00:00,90,981.0,FL,98657.99517660437,1221808,24.4383,-81.7094,3.955805023249808
AL071998,Georges,1630000000,312.5306321279992,3660000000,1998-09-28 11:30:00,90,964.0,MS,98657.99517660437,528643,30.4,-88.9,14.472494106490114
AL131998,Mitch,40000000,7.089949194971631,150000000,1998-11-05 11:00:00,55,989.0,FL,98657.99517660437,571853,26.2,-81.9,-63.942913857349645
AL031999,Bret,60000000,75.78767389493638,120000000,1999-08-23 02:00:00,100,955.0,TX,103696.37129109865,76346,26.933266666666665,-97.5768,-21.25356068128586
AL051999,Dennis,157000000,45.330308835420404,390000000,1999-09-04 21:00:00,60,984.0,NC,103696.37129109865,334001,34.8,-76.5,-53.15212829102961
AL081999,Floyd,6500000000,1417.5797535538481,16030000000,1999-09-16 08:00:00,90,958.4,NC,103696.37129109865,442183,34.23896,-77.78886,-21.716469253894658
AL101999,Harvey,15000000,3.103050227674102,37000000,1999-09-21 17:30:00,50,999.0,FL,103696.37129109865,466164,25.9,-81.6,22.318440765549223
AL131999,Irene,800000000,55.68655463903319,1940000000,1999-10-15 20:00:00,70,987.0,FL,103696.37129109865,1385403,25.3,-81.1,12.978096341649971
AL112000,Gordon,10800000,5.286213254216268,29000000,2000-09-18 03:30:00,60,992.5,FL,109409.76919099996,186734,29.383333333333333,-83.16666666666667,-34.74702564104143
AL122000,Helene,16000000,2.137043672607792,38000000,2000-09-22 11:30:00,42,1005.5,FL,109409.76919099996,684306,30.416616666666666,-86.66491666666667,20.285746120477153
AL012001,Allison,8500000000,420.63998203764567,21700000000,2001-06-05 21:30:00,50,1003.0,TX,114326.58427557195,1767507,28.966666666666665,-95.3,-5.916030403598503
AL032001,Barry,30000000,6.0888213632936,67000000,2001-08-06 05:00:00,60,990.0,FL,114326.58427557195,430964,30.4,-86.3,-11.651356874534788
AL082001,Gabrielle,230000000,10.27651266732992,570000000,2001-09-14 12:30:00,60,983.8333333333334,FL,114326.58427557195,1957649,27.183733333333336,-82.52578333333332,37.07602761579791
AL062002,Fay,4500000,2.4775846415552,8000000,2002-09-07 09:30:00,50,999.5,TX,118803.97978850856,152881,28.6,-96.4,-14.824244632960664
AL082002,Gustav,100000,0.04028562311936065,0,2002-09-10 21:00:00,55,984.0,NC,118803.97978850856,208939,35.2492,-75.1752,-53.2066289060018
AL092002,Hanna,20000000,2.206809025767412,38000000,2002-09-14 14:30:00,50,1002.1666666666666,MS,118803.97978850856,762841,30.333333333333332,-88.46666666666667,-2.779809858325821
AL102002,Isidore,330000000,28.34789196417988,630000000,2002-09-26 07:00:00,55,984.0,LA,118803.97978850856,979856,29.235033333333334,-90.23586666666667,15.682625148788125
AL132002,Lili,860000000,178.9711685212513,1610000000,2002-10-03 13:30:00,92,964.25,LA,118803.97978850856,404468,29.615850000000002,-92.235625,10.768660878387823
AL122002,Kyle,5000000,0.6469136698322334,11000000,2002-10-11 15:30:00,35,1009.5,SC,118803.97978850856,650568,32.6523,-79.87672500000001,83.89129204394422
AL032003,Bill,50000000,15.844871797032203,95000000,2003-06-30 18:30:00,50,997.0,LA,124030.54097018167,254421,29.200000000000003,-91.0,20.765435239792687
AL042003,Claudette,180000000,95.57297349808387,330000000,2003-07-15 16:30:00,80,981.0,TX,124030.54097018167,151848,28.42,-96.48,-4.919676737734551
AL132003,Isabel,5500000000,1804.2014917958713,11010000000,2003-09-18 17:30:00,90,957.5,NC,124030.54097018167,245781,35.0,-76.30000000000001,-35.913067733783535
AL012004,Alex,4000000,0.8973547954266875,7000000,2004-08-03 14:00:00,85,973.3333333333334,NC,134968.0490482914,330267,34.59133333333333,-76.0248,47.49891424943259
AL032004,Charley,16000000000,1156.8149618402863,36990000000,2004-08-13 21:00:00,130,944.0,FL,134968.0490482914,1024767,26.9815,-82.0701,-20.968068823431683
AL032004,Charley,90000000,9.965209311360642,190000000,2004-08-14 14:00:00,70,992.0,SC,134968.0490482914,669153,33.0,-79.4,-3.5291183105153365
AL072004,Gaston,130000000,15.445954293893541,240000000,2004-08-29 14:00:00,65,985.0,SC,134968.0490482914,623588,33.0,-79.6,35.85326983424038
AL062004,Frances,9800000000,528.4414141792478,19990000000,2004-09-05 04:30:00,95,960.0,FL,134968.0490482914,1374036,27.2,-80.2,27.57289921131487
AL092004,Ivan,20500000000,1688.6001973834261,36910000000,2004-09-16 07:30:00,107,948.0,AL,134968.0490482914,899489,30.3604,-87.87405000000001,-7.397988478002802
AL112004,Jeanne,7500000000,460.9989024989244,16800000000,2004-09-26 04:30:00,105,950.75,FL,134968.0490482914,1205398,27.225,-80.3,-45.76611377546158
AL032005,Cindy,320000000,21.51685745886517,420000000,2005-07-06 03:00:00,65,991.0,LA,146633.53525252297,1014233,29.2,-90.1,-30.227600880898198
AL042005,Dennis,2500000000,256.6699762101154,3930000000,2005-07-10 20:00:00,110,948.6666666666666,FL,146633.53525252297,664250,30.542266666666666,-87.16676666666666,9.754990413558742
AL122005,Katrina,125000000000,7620.822042764069,148240000000,2005-08-29 11:30:00,116,922.0,LA,146633.53525252297,1118600,29.384533333333334,-89.6027,-4.067656563172254
AL162005,Ophelia,70000000,13.278477857159846,130000000,2005-09-15 05:30:00,72,981.6666666666666,NC,146633.53525252297,359515,34.47625,-76.34875,-20.693459612111607
AL182005,Rita,18500000000,2696.7778599992043,23110000000,2005-09-24 08:30:00,100,939.1666666666666,LA,146633.53525252297,467836,29.85333333333333,-93.78316666666666,13.182892790708731
AL252005,Wilma,19000000000,1825.2838157018195,33410000000,2005-10-24 10:30:00,110,950.0,FL,146633.53525252297,709888,25.9,-81.7,24.209482232532938
AL062006,Ernesto,500000000,11.479840117771083,740000000,2006-08-30 05:00:00,40,1003.0,FL,156640.49689108404,2780546,25.2,-80.7,16.570870654609585
AL092007,Humberto,50000000,2.4831616641255874,63000000,2007-09-13 06:30:00,80,985.0,TX,162006.7882901995,1242887,29.55,-94.35,-2.9667749401483876
AL042008,Dolly,1300000000,86.72816811801741,1940000000,2008-07-23 20:30:00,75,968.0,TX,165608.79744403902,905107,26.4067,-97.4551,-4.126393195521351
AL062008,Fay,560000000,50.635129339895585,830000000,2008-08-19 09:00:00,55,990.0,FL,165608.79744403902,667810,25.9388,-81.5831,43.15730266948129
AL072008,Gustav,6000000000,1323.9745584413006,7900000000,2008-09-01 15:00:00,95,954.0,LA,165608.79744403902,273645,29.2,-90.7,5.227850023552344
AL082008,Hanna,160000000,22.33172262063664,270000000,2008-09-06 07:00:00,60,981.0,SC,165608.79744403902,432628,33.8,-78.7,-0.20222275840317905
AL092008,Ike,30000000000,505.48898378673465,44260000000,2008-09-13 09:00:00,95,953.0,TX,165608.79744403902,3583655,29.6927,-94.9182,-19.600151256180695
AL012010,Alex,10000000,0.4894009550305145,15000000,2010-07-01 02:00:00,95,946.0,TX,162837.88582090047,1254815,24.2,-97.7,-11.523814336002635
AL072010,Earl,18000000,2.9168979794701824,22000000,2010-09-03 08:30:00,85,956.6666666666666,NC,162837.88582090047,378962,35.166333333333334,-73.89691666666667,7.17680556845047
AL102010,Hermine,240000000,12.107366056410145,370000000,2010-09-07 00:00:00,60,991.0,TX,162837.88582090047,1217324,24.9,-97.2,-28.522852557228767
AL092011,Irene,13500000000,1924.5798392563543,17160000000,2011-08-27 12:30:00,75,951.8333333333334,NC,166732.56477132198,420705,34.767900000000004,-76.57986666666666,3.169339779431362
AL092012,Isaac,2800000000,183.18656925138953,3430000000,2012-08-29 07:00:00,70,966.0,LA,170672.1929930593,895574,29.15,-90.1,4.85466676029206
AL182012,Sandy,65000000000,1007.8182761975753,80090000000,2012-10-29 23:30:00,75,945.0,NY,170672.1929930593,3778926,39.4,-74.4,46.65859721040902
AL012014,Arthur,6000000,0.7537375784267999,7000000,2014-07-04 03:30:00,85,972.8333333333334,NC,183312.27484927242,434250,34.75425,-76.54608333333333,-49.80437976910787
AL092016,Hermine,550000000,69.75023390747648,610000000,2016-09-02 05:30:00,70,981.0,FL,187784.71925533534,419911,30.1,-84.1,16.244557777223015
AL142016,Matthew,10000000000,662.0680804415041,11260000000,2016-10-08 14:30:00,80,966.3333333333334,SC,187784.71925533534,804335,32.916666666666664,-79.56666666666666,6.181934043904019
AL092017,Harvey,125000000000,11835.082348073538,132690000000,2017-08-26 05:30:00,115,946.1666666666666,TX,194207.32099198853,543842,28.166666666666664,-97.06666666666666,11.46300069719476
AL112017,Irma,50000000000,2315.166600949391,52970000000,2017-09-10 20:00:00,100,936.6666666666666,FL,194207.32099198853,1112044,25.998166666666666,-81.6955,29.538066257359397
AL162017,Nate,225000000,19.746907170063157,230000000,2017-10-08 05:30:00,69,983.8333333333334,MS,194207.32099198853,586702,30.40125,-88.94993333333333,20.873388077034793
